alcohol,malic_acid,ash,alcalinity_of_ash,magnesium,total_phenols,flavanoids,nonflavanoid_phenols,proanthocyanins,color_intensity,hue,od280/od315_of_diluted_wines,proline,flavanoids_per_phenols,od_ratio_per_color,proline_per_alcohol,malic_per_ash,flavanoids_x_phenols,alcohol_x_proline,od_x_flavanoids,color_x_hue,flavanoids_squared,proline_squared,alcohol_squared,od280/od315_of_diluted_wines_squared,proline_log,magnesium_log,nonflavanoid_phenols_log,target
1.518612540989146,-0.5622497983286235,0.23205254099474312,-1.1695931750229027,1.9139052175708113,0.8089973946320397,1.0348189581307363,-0.6595631143050643,1.2248839840604524,0.2517168498188536,0.3621772757786114,1.8479195665066517,1.0130089267476907,0.8836675644905172,0.0875115845256201,0.8435565200025561,-0.6090458173681368,0.9557031719840876,1.146919137270293,1.662992543562073,0.7512161494945012,1.0128480818636325,0.8619334388521983,1.560901208706214,2.25062076013111,1.0640484876627547,1.844269019080626,-0.6438591378366034,0
0.24628962701505472,-0.4994133781369054,-0.8279963232661995,-2.4908471410952195,0.018145020611759512,0.5686476623890726,0.7336289414294697,-0.8207192355765833,-0.5447209874470061,-0.2933213287130475,0.40605066293567743,1.1134493025258219,0.9652415206686003,0.701562465402872,0.2974601700342943,1.0624001566269095,-0.3365357369171129,0.6004130758903452,0.8656963969110747,0.9557902344923668,0.017995954691918885,0.5970936452650061,0.8046986285346308,0.21726905456692935,1.1856652644702967,1.0297612709872845,0.08832915221882813,-0.8189565078231255,0
0.19687902841412025,0.021231246308758504,1.1093343596934533,-0.26873819815541344,0.08835836123987255,0.8089973946320397,1.2155329681514961,-0.4984069930335457,2.1359677317672627,0.2690196491373267,0.31830388862154535,0.7885874549958394,1.3951481753804136,1.1116573194689896,-0.2664606952416114,1.5509414198457303,-0.22563642164563993,1.09849919146674,1.2423974011406587,1.1959660186846985,0.742417044046057,1.282874159242122,1.3490382075123473,0.16712461830288416,0.7628893477266402,1.322143120811268,0.16135291049713046,-0.4714765653739514,0
1.6915496360924187,-0.34681064338559014,0.4879264047818666,-0.8092511842759069,0.930918448777229,2.4914455203328107,1.466524648735885,-0.9818753568481025,1.0321547297378582,1.1860680130163985,-0.42754369304857665,1.1840714432932098,2.3345738282691912,0.2227278808728935,-0.5657720605103524,2.153316649329565,-0.4467033828706999,2.3350730546255427,2.4743960158036526,1.6752613336206126,1.238871835663533,1.6835080879804887,2.7673700278878752,1.751320710604201,1.2814899957817278,1.859588332437654,0.9857408021547523,-0.9968555543278793,0
0.2957002256159914,0.22769376979583217,1.84040254194238,0.45194578333857716,1.281985151917794,0.8089973946320397,0.663351270865841,0.22679555268828971,0.4014044428639123,-0.3192755276907569,0.3621772757786114,0.44960117931237975,-0.03787400699229761,0.41502195703476835,0.044098306007353996,-0.055733221910849194,-0.1861788790041087,0.662178020825302,-0.030906719693480137,0.5489159893501265,-0.04348200574392024,0.5062515389864405,-0.20969705220012913,0.2675656742490772,0.3532910801647893,0.16777475668127526,1.3038948597019737,0.2727869402338317,0
1.481554592038443,-0.5173666410488249,0.3051593592196358,-1.289707171938568,0.8607051081491158,1.5620932223266708,1.3661279765021292,-0.17609475049050752,0.6642170623947229,0.731869530906481,0.40605066293567743,0.33660575408455967,2.2390390161110103,0.6844962751217109,-0.6176916277612057,2.112388168640249,-0.5778446743468802,1.6689182907215496,2.3272424354589245,1.030946729884081,1.4585600276164625,1.5196827429748443,2.6087903643129597,1.5203395720506694,0.22392069838842293,1.8100744469275467,0.9204377232318973,-0.13452795518623836,0
1.7162549353928882,-0.4186236950332678,0.3051593592196358,-1.4698781673120658,-0.2627083419006926,0.3282979301461054,0.49267692806845687,-0.4984069930335457,0.6817379036967769,0.08301455646374147,0.27443050146447934,1.367689009288417,1.7295200179340462,0.582720934709879,0.05356961759651457,1.5323303405265212,-0.4823112930749619,0.3131210843121519,1.8870629903574931,0.857639914024053,0.45563567304874236,0.2953502191150758,1.8178765473477405,1.7786756800077295,1.5371811547467382,1.5273907681542216,-0.21118034557101786,-0.4714765653739514,0
1.30861749693517,-0.16727801426639569,0.8900139050187754,-0.5690231904445764,1.4926251738021332,0.4885310849747504,0.4826372608450811,-0.4178289323977861,-0.5972835113531684,-0.003499440128623882,0.44992405009274344,1.367689009288417,1.7454424866270764,0.43158522124358084,0.12337856812748434,1.6467719898925535,-0.35360239559204265,0.37715263273096034,1.8098811980692453,0.8479440490329778,0.454477896016052,0.28337287194387784,1.8411944330326753,1.3321837984969236,1.5371811547467382,1.5367432888803776,1.4884318153105602,-0.3862772733458955,0
2.2597715200031785,-0.6250862185203416,-0.7183360959288614,-1.6500491626855633,-0.19249500127257957,0.8089973946320397,0.9545016203437319,-0.5789850536693052,0.6817379036967769,0.06138605731565023,0.5376708244068755,0.33660575408455967,0.9493190519755701,0.7823387845000848,-0.2923660341467581,0.6399254262318866,-0.49828030073661406,0.892238274436242,1.2212777351304391,0.7144769465859994,0.6067255758147886,0.8977893511852497,0.7858007676023528,2.3901106080801724,0.22392069838842293,1.0182233659597297,-0.135160689308897,-0.5573337735064489,0
1.061564503930491,-0.8854085307431735,-0.3528020048043981,-1.0494791781072375,-0.12228166064446655,1.0974170733236006,1.125175963141116,-1.1430314781196214,0.4539669667700745,0.9351774228985393,0.2305571143074133,1.325315724827984,0.9493190519755701,0.7566666409104954,-0.43812288164550955,0.8693763730165257,-0.8409536712527471,1.187746703643398,1.0011445788192905,1.4428855748959613,1.5770585069122849,1.1459323628573161,0.7858007676023528,1.0666237339119147,1.4773361619656724,1.0182233659597297,-0.05991281953272369,-1.1776473947096957,0
1.3580280955361046,-0.15830138281043576,-0.24314177746705992,-0.4489091935289116,0.36921172375232464,1.0493471268750074,1.2958503059385003,-1.1430314781196214,1.3825715557789386,0.29929954794465463,1.283518406076997,0.7885874549958394,2.4301086404273717,0.9991652717917553,-0.2840233395955783,2.3440710455079263,-0.1081074694278028,1.3030601558843493,2.4794777657742357,1.2646495762751078,1.5164488792509627,1.407838608455729,2.929197056587191,1.3857523616682255,0.7628893477266402,1.9081092251998408,0.446459272174554,-1.1776473947096957,0
1.3827333948365716,-0.7687123218156972,-0.17003495924216727,-0.8092511842759069,-0.33292168252880566,-0.15240153433982878,0.40231992305807707,-0.8207192355765833,-0.03661658968743881,-0.02512793927671512,0.9325313088204689,0.29423246962412686,1.697675080547986,0.9251198656609463,-0.251205999813426,1.5791352694314877,-0.7489962019338701,0.04282861886284597,1.7807588616993686,0.2702004959893596,0.742185488639519,0.1892685458592408,1.7715113897382373,1.412593712035663,0.17633008000572384,1.508576566825161,-0.28798778431897554,-0.8189565078231255,0
0.925685357777919,-0.5442965354167041,0.15894572276985047,-1.0494791781072375,-0.7542017262974838,0.4885310849747504,0.7336289414294697,-0.5789850536693052,0.38388360156185825,0.23441405050038053,0.8447845345063367,0.40722789485194694,1.825054830092227,0.7725955291506623,-0.3704820442317067,1.827982900184845,-0.5789618234417804,0.5613141657939047,1.7973505581845184,0.582039014166006,1.0837297132830717,0.5970936452650061,1.9591369302591837,0.9221874029392927,0.30435751664254324,1.5829711777395805,-0.7663377197324885,-0.5573337735064489,0
2.160950322801307,-0.5442965354167041,0.08583890454495782,-2.430790142637387,-0.6137750450412578,1.2896968591179747,1.6673179932033955,0.5491077952313275,2.1359677317672627,0.14790005390801558,1.283518406076997,0.16711261624282955,1.2836908945292027,1.2293295969746876,-0.4022808002554458,0.9889174344733741,-0.5661800969801111,1.7691304972513398,1.5394626056175686,1.1425845943902595,1.2631851533500233,2.025445872032966,1.2015988104058632,2.2775709703950073,0.03657985142160875,1.2496667617339248,-0.603433326758021,0.5882252086233479,0
1.7039022857426547,-0.4186236950332678,0.04928549543251068,-2.250619147263889,0.15857170186798558,1.6101631687752638,1.6171196570865178,-0.5789850536693052,2.398780351298073,1.0562970181278508,1.064151470291667,0.5484721763867221,2.5479349087557948,0.9197469629884004,-0.6751345126848912,2.3667657569752505,-0.434544622509032,1.9314759717822123,2.686843568206301,1.3717915927686646,2.5656843151262834,1.9381755392646984,3.133256068729342,1.7649934395741516,0.4694278567118685,1.966641848743082,0.2336642305078636,-0.5573337735064489,0
0.7774535619751135,-0.4724834837690262,1.2189945870307932,-0.6891371873602422,0.8607051081491158,0.8891139720463626,0.8842239497801032,-0.4984069930335457,-0.22934584401003347,0.9697830215354855,1.4151385675481951,0.37897903854499193,1.7932098927061668,0.6290123637825408,-0.6892985194194002,1.8331715424879234,-0.6799720566470587,0.8779303399444287,1.7333509121874824,0.6840893473681605,2.7648219647489642,0.7996132032988735,1.9116893176082135,0.7659330784048197,0.27201492119845155,1.5645858757533033,0.9204377232318973,-0.4714765653739514,0
1.6050810885407834,-0.3737405377534693,1.2921014052556858,0.1516607910494142,1.42241183317402,0.8089973946320397,1.1151362959177407,-0.25667281112626705,0.6642170623947229,0.4939560402774766,0.49379743724980946,0.054117191015009475,1.697675080547986,0.9849963444809496,-0.6042574156118752,1.52604463065532,-0.6044100457181764,1.0191680695319332,1.8307945537174113,0.6678934611540179,1.196034085454003,1.130954725937469,1.7715113897382373,1.6558779287962417,-0.08383756275777694,1.508576566825161,1.4274285778490008,-0.2178126382716805,0
1.0245065549797903,-0.6879226387120596,0.9265673141312225,0.1516607910494142,1.0713451300334549,1.0493471268750074,1.3761676437255046,0.3073736133240493,0.2261960298433717,0.6669840334622069,0.7570377601922047,-0.05887823421281061,1.2200010197570823,1.0953417426817622,-0.7025504610529282,1.1629443956042815,-0.831329639394182,1.3699249586579725,1.2496291222526412,0.7808313299048096,1.673038222922286,1.5358509710647903,1.1193322272543715,1.0271178697194432,-0.2006737898983709,1.2072556127292284,1.1146458166532607,0.3524894550435023,0
1.4692019423882092,-0.6699693758001402,0.41481958655697393,-0.899336681962656,0.5798517456366638,1.6101631687752638,1.9082700065644087,-0.3372508717620266,0.47148780807212853,1.575380997682042,1.195771631762865,0.29423246962412686,2.971472575990396,1.231409742551108,-0.8712326768683637,2.8698757946544,-0.7421914998360126,2.2026184135379627,3.0328673074425314,1.4158292365549443,3.550373681429135,2.4609164984084346,3.907556004899779,1.5068380494260847,0.17633008000572384,2.1660688416351563,0.6533150655512817,-0.30172589094791535,0
0.7898062116253471,0.6855019740497783,0.7072468594565445,-1.289707171938568,1.141558470661568,0.6487642398033954,1.0046999564606094,-1.5459217812984185,0.12107098203104735,0.01812905901946736,0.01119017852208315,1.0569515899119117,0.3124203042543651,0.9878109801689392,-0.00609377151861494,0.2437410333666469,0.47024069790739836,0.8460562284527651,0.35878097890537036,1.1715909390981964,0.18992584404638502,0.9693438805082091,0.10385409147814446,0.7789019590660546,1.1100126882758126,0.5047842530643198,1.178267250302646,-1.6429225282405804,0
1.30861749693517,-0.6340628499763014,-0.31624859569195257,-1.0494791781072375,1.8436918769426982,1.1294637042893296,1.1452552975878671,-0.9818753568481025,0.8919879993214256,0.2560425496484722,0.5815442115639415,1.5513065752836244,0.10542821124497352,0.7553178657282266,-0.011745330804799739,-0.05745778529193692,-0.5851963723899456,1.2225957322076164,0.23738361849701256,1.5994819195283543,0.9207725959319537,1.1760305076374231,-0.08670309811344155,1.3321837984969236,1.8023288857360593,0.3113597092699769,1.7861365523648016,-0.9968555543278793,0
-0.08723191354125955,1.3138661759669588,1.0362275414685607,-0.26873819815541344,0.15857170186798558,0.18408809080032532,0.382240588611326,-0.9012972962123429,0.6817379036967769,-0.2414129307576283,0.31830388862154535,1.282942440367552,0.07358327385891326,0.554348824551655,0.3128832063787853,0.13213566454230835,0.9447903746671011,0.17375330259882532,0.01789111015224095,0.7118227712532468,0.03883594128033881,0.16621870080612108,-0.11466652001800565,-0.11825258075787022,1.4179947736119372,0.28018023011178195,0.2336642305078636,-0.9075502291871999,0
0.8762747591769846,-0.4276003264892275,-0.023821322792381975,-0.8693081827337393,0.08835836123987255,0.5045544004576146,0.8541049481099763,-0.7401411749408239,0.17363350593720953,-0.5442119188309068,0.6692909858780736,1.960914991734472,0.9174741145895099,0.9212289932604629,1.0118724398431327,0.8738204534771026,-0.4293925971947169,0.6578714742059839,0.9373295263040923,1.5342921233453433,-0.20256057003552794,0.7582520660496284,0.7482756594981637,0.8699504446763694,2.4278895185513214,0.9949811689859803,0.16135291049713046,-0.7310631394058842,0
-0.1860531107431307,-0.6609927443441804,0.5610332230067593,-0.508966191986744,-0.33292168252880566,0.29625129918037646,0.34208191971782376,-0.8207192355765833,-0.22934584401003347,-0.4879778210458693,0.5815442115639415,1.4383111500558043,0.8537842398173894,0.39704411407788637,0.6785005849494364,1.0364785977873512,-0.7554016504845643,0.1934444203647862,0.6882151933444728,0.7442957939468197,-0.16452759451166082,0.12069049446152921,0.6743078983312522,-0.21633479372350745,1.63804193033147,0.9478160477845264,-0.28798778431897554,-0.8189565078231255,0
0.6168691165220721,-0.4724834837690262,0.8900139050187754,0.1516607910494142,-0.2627083419006926,0.37636787659469856,0.5830339330788366,-0.6595631143050643,0.12107098203104735,-0.6653315140602182,0.7131643730351397,1.7066752849718767,0.3124203042543651,0.666491413385238,1.0961299748056386,0.2736321963844799,-0.630785636938964,0.39905368889367643,0.3330899096096479,1.1145532528657818,-0.3621022451402108,0.40528940776203176,0.10385409147814446,0.5982031729992205,2.034070856379148,0.5047842530643198,-0.21118034557101786,-0.6438591378366034,0
0.060999882261548254,-0.25704432882599304,3.1197718608780005,1.653085752495229,1.7032651956864722,0.5366010314233436,0.6533116036424657,0.8714200377743652,0.5766128558844525,-0.6393773150825085,0.7570377601922047,0.8309607394562722,0.26465289817527476,0.6217730392425541,0.6014453765035009,0.3205752674729338,-0.7517304001342758,0.5251618402264715,0.20800067956454218,0.7369561866491066,-0.30247672795667574,0.4934645898195759,0.05852628661671394,0.030012114326338542,0.8163553510948579,0.46150055671278856,1.6684856454355594,0.8949606121655924,0
0.48098997036950003,-0.5083900095928652,0.9265673141312225,-1.0194506788783209,-0.4733483637850317,0.8891139720463626,0.9143429514502296,-0.17609475049050752,-0.24686668531208752,-0.11164193586908047,-0.16430337010618049,0.8592095957632273,1.426993112766474,0.666344019802397,0.024950714329269173,1.513724983160339,-0.6689029979542591,0.9021546646780929,1.3306656607792582,0.9782153077119491,-0.08794064379921683,0.8414029533693534,1.3919755908238713,0.4575333816245802,0.8522791335777413,1.3424580520745066,-0.44403252709438074,-0.13452795518623836,0
0.3698161235173953,-0.5532731668726638,-0.8279963232661995,-0.7491941858180745,-0.4031350231569187,0.16806477531746047,0.1613679096970638,-0.7401411749408239,-0.42207509833262774,-0.47932642138663273,0.27443050146447934,0.2236103288567396,1.713597549241016,0.2440294481707614,0.10361649883333944,1.8566687872071732,-0.396193367404095,0.01732932966951472,1.5672602122942587,0.057243550668622196,-0.3119704996247338,-0.07475695202194867,1.7946488662495945,0.3432959476812342,0.09813150365084888,1.518001955056498,-0.365599504062896,-0.7310631394058842,0
1.0739171535807246,-0.3916938006653888,1.5845286781552548,-0.02851020432408396,0.5096384050085507,1.0493471268750074,0.9444619531203565,0.06563943141677064,0.29627939505158796,-0.2414129307576283,1.283518406076997,1.1134493025258219,0.5353348659567869,0.5783932116479774,0.24395173119467142,0.43076018428671536,-0.6625219158990353,1.0105266437497493,0.6118369256242232,1.149165865878615,0.6119355724618933,0.8836213162610702,0.3261181933260346,1.0798113782366678,1.1856652644702967,0.6971267877291988,0.5850025864851598,0.11164711675834377,0
1.2592068983342333,-0.5891796926965027,-0.572122459479076,-1.0494791781072375,-0.2627083419006926,0.5686476623890726,0.30192325082432153,-0.8207192355765833,0.6817379036967769,-0.15489893416526296,0.3621772757786114,1.3818134374418942,0.9174741145895099,0.1260914812416599,0.2653400622010551,0.7961559117735936,-0.48887412687451665,0.27756374215922963,1.0070081364776549,0.6797289164643525,0.1852947359156255,0.07592426646580093,0.7482756594981637,1.2787674187437204,1.5572413977687223,0.9949811689859803,-0.21118034557101786,-0.8189565078231255,0
0.9009800584774519,-0.7507590589037777,1.2189945870307932,0.9023732717723215,0.08835836123987255,1.1294637042893296,1.2255726353748715,-0.5789850536693052,1.3825715557789386,0.2776710487965634,1.0202780831346008,0.13886375993587455,1.713597549241016,0.8498913959710466,-0.4801310317741064,1.7158840378350715,-0.9242737597385837,1.2905938367231653,1.6872568339286738,0.7996543080299414,1.282288474389408,1.2983280326300086,1.7946488662495945,0.8960499008805679,0.006139761591875664,1.518001955056498,0.16135291049713046,-0.5573337735064489,0
0.7156903137239432,-0.6071329556084222,-0.023821322792381975,-0.11859570201083199,0.4394250643804377,0.9051372875292266,1.1653346320346183,-1.1430314781196214,0.6291753797906147,0.7967550283507551,0.5815442115639415,0.37897903854499193,2.446031109120402,0.9635614398904526,-0.6301792112954844,2.5519970749827023,-0.6097136915498632,1.1130621188504868,2.32370258398369,0.9024900604632162,1.709508199452022,1.2063191470047456,2.9564839440908384,0.701231347053118,0.27201492119845155,1.9161022754135058,0.5160546333747397,-1.1776473947096957,0
0.8392168102262816,-0.45453022085710676,-0.023821322792381975,-0.6891371873602422,0.2989983831242116,0.20011140628318946,0.663351270865841,0.4685297345955679,0.6642170623947229,-0.5269091195124338,1.195771631762865,0.36485461039151473,0.7741718963522388,0.9500335071654278,0.22285934403417804,0.7284734150583859,-0.45644076134798883,0.3725627606761607,0.7968973203862663,0.5052033466249998,0.08989390842196797,0.5062515389864405,0.5838778000753634,0.8308725963473017,0.2559275575476277,0.8875365448284043,0.3762042294723481,0.5102006554141297,0
0.9380380074281527,-0.7238291645358985,1.2189945870307932,0.00151829490483276,2.2649719207113765,1.0493471268750074,0.713549606982719,1.1131542196816437,-0.42207509833262774,0.14790005390801558,1.283518406076997,0.5484721763867221,1.554372862310715,0.3018858578392093,-0.2730342794983253,1.5373236075581762,-0.9006316594394039,0.8182903357755835,1.5462165553647953,0.6405392051736106,1.2631851533500233,0.5709006395228251,1.567333307541525,0.9352704211641012,0.4694278567118685,1.4220538515866556,2.128282751359589,1.1195834680648966,0
0.6292217661723056,-0.48146011522498594,1.0362275414685607,-0.1486242012397487,0.7202784268928898,0.08794819790313833,0.5027165952918322,-0.5789850536693052,-0.08917911359360099,-0.37118392564617614,0.6254175987210076,0.36485461039151473,1.1085437389058714,0.8259961360356476,0.05726229120009926,1.132452277573748,-0.6610881249985182,0.21268221743397683,1.0684126152888591,0.38083627389031505,0.03015261353516444,0.307375189933077,0.9788385833306341,0.6110484046332475,0.2559275575476277,1.1311987948938782,0.7880797147221594,-0.5573337735064489,0
0.5921638172216048,-0.4724834837690262,0.15894572276985047,0.3018032871939957,0.018145020611759512,0.6487642398033954,0.9545016203437319,-0.8207192355765833,0.47148780807212853,0.01812905901946736,0.3621772757786114,1.2123202996001647,0.551257334649817,0.9221349199327599,0.049659628984964455,0.5368205950925834,-0.5083298256958475,0.8078072946627695,0.5489774158385362,1.2148702470751187,0.4261123587151465,0.8977893511852497,0.3426707350018008,0.5725412441220601,1.3202115806386676,0.710297718997771,0.08832915221882813,-0.8189565078231255,0
0.34511082421692585,-0.6250862185203416,1.73074231460504,-1.1996216742518189,0.7202784268928898,0.4885310849747504,0.6533116036424657,-0.17609475049050752,-0.4045542570305737,-0.19815593246144583,0.5815442115639415,0.2377347570102168,0.423877585105576,0.6634722306203964,-0.14690970569014444,0.4445015624454522,-0.8776555113628935,0.5023824752137629,0.39365828853252977,0.4321051912872572,0.2582346889750957,0.4934645898195759,0.21277613002576107,0.3180144773493222,0.11365930682686128,0.6028663492409416,0.7880797147221594,-0.13452795518623836,0
0.060999882261548254,-0.6161095870643819,0.6706934503440974,-0.4489091935289116,-0.12228166064446655,0.2481813527317833,0.40231992305807707,-0.5789850536693052,-0.2643875266141416,-0.3495554264980849,0.7131643730351397,-0.14362480313367568,1.1403886762919317,0.5253977700572651,-0.18247731661592914,1.3010319708882994,-0.7295741402116588,0.21494882091782871,0.9873652183221345,0.06618107985033939,0.11119700582346487,0.1892685458592408,1.0185286015177573,0.030012114326338542,-0.28595080625960884,1.1531743692110474,-0.05991281953272369,-0.5573337735064489,0
0.0857051815620155,-0.7507590589037777,-0.9742099597159848,-1.1996216742518189,-0.12228166064446655,0.16806477531746047,0.6131529347489635,-0.6595631143050643,-0.3870334157285196,-0.5874689171270893,0.9764046959775349,0.11061490362891951,0.8697067085104195,0.9089995272764346,0.1702073825359335,0.9924169079742977,-0.5865296305808381,0.3233207999894844,0.7509009680884307,0.3376382161786814,-0.11688506961646745,0.4427930296201556,0.6926645317427966,0.05485605733121123,-0.02407650404793319,0.9596938040847991,-0.05991281953272369,-0.6438591378366034,0
1.5062598913389122,1.484422173630194,0.5244798138943121,-1.8902771565168939,1.9841185581989245,1.1294637042893296,1.0147396236839852,-1.30418759939114,0.8569463167173175,0.01812905901946736,-0.29592353157737855,1.2970668685210291,0.041738336472853015,0.6016358790836439,0.0800705747141894,-0.151939408897615,1.2760427310447813,1.11209881236985,0.20272347767201443,1.3206580924805362,-0.016737356288781667,0.983797657313213,-0.14226912357541407,1.5473711516907347,1.4377192803490342,0.24859369665685632,1.9019490884751633,-1.3614276649452164,0
0.6909850144234759,-0.5622497983286235,-0.2065883683546128,-0.9894221796494052,1.211771811289681,1.3698134365322967,1.2657313042683738,-0.17609475049050752,1.3124881905707224,0.46367614147014863,-0.03268320863498288,1.085200446218867,0.1531956173240639,0.7119717231626284,-0.2838106482018388,0.08918591576346616,-0.5312623207897661,1.4644139913910368,0.1968599200136501,1.4260126031377498,0.7268449429563762,1.3606197626495964,-0.044081430855678526,0.6754172347578561,1.1477270642780923,0.3573882521260715,1.2413472183776912,-0.13452795518623836,0
0.5056952696699673,1.3497727017907977,-0.9011031414910922,-0.2086811996975811,-0.6839883856693708,0.2481813527317833,0.6533116036424657,-0.7401411749408239,-0.19430416140592535,-0.33657832700923,-0.20817675726324653,0.5484721763867221,0.9174741145895099,0.887286251559403,0.10276029325988695,0.9523985635406342,1.74772926090495,0.38848565015021874,0.8698986132329025,0.5917890460006071,-0.38965733851823303,0.4934645898195759,0.7482756594981637,0.4830241041563789,0.4694278567118685,0.9949811689859803,-0.684437974696254,-0.7310631394058842,0
1.0862698032309606,-0.40067043212134856,0.8169070867938827,-1.3497641703964005,0.08835836123987255,1.5300465913609418,1.5368023192995135,-1.5459217812984185,0.19115434723926358,0.1608771533968701,-0.3397969187344446,1.339440152981462,1.1085437389058714,0.8926314563638192,-0.014382554211184152,1.0319265474841381,-0.5536678875810033,1.80624612929941,1.1563985554846485,1.846726476800771,0.1218485545242123,1.8010194364692753,0.9788385833306341,1.093008534025054,1.4972285368452136,1.1311987948938782,0.16135291049713046,-1.6429225282405804,0
0.2957002256159914,1.475445542174234,-0.27969518657950543,-0.5990516896734931,0.2287850424960986,0.5526243469062084,0.6031132675255877,-0.3372508717620266,0.12107098203104735,-0.30197272837228384,-0.6030372416768408,0.5484721763867221,-0.21302116261562898,0.5409152132767284,0.06951503435989867,-0.2490105632045128,1.5916997255672096,0.49535600441382266,-0.18904904142758752,0.551163913356437,-0.5746701083420966,0.4302441986873101,-0.3501004915370776,0.2675656742490772,0.4694278567118685,-0.0201420575512975,0.3052768794985106,-0.30172589094791535,0
0.060999882261548254,-0.5083900095928652,-0.9742099597159848,-0.7491941858180745,0.5096384050085507,1.1294637042893296,0.974580954790483,-0.6595631143050643,0.7693421102070468,-0.007825139958242053,-0.3397969187344446,1.0428271617584346,0.43980005379860615,0.5543491139622343,0.009051358157324333,0.5166666081560071,-0.31295678463982524,1.0780997601120754,0.3638735873160606,1.1361658234324807,-0.07682598428539293,0.9262682919740216,0.22869723959400484,0.030012114326338542,1.0912394343458949,0.6165590518827343,0.5850025864851598,-0.6438591378366034,0
1.4939072416886787,1.5293053309099924,0.26860595010718863,-0.17865270046866544,0.7904917675210028,0.8891139720463626,0.6231926019723388,-0.4984069930335457,-0.5972835113531684,0.0786888566341233,-0.38367030589151063,1.0145783054514796,1.060776332826781,0.3054713449437865,-0.06639332896757776,0.8975713310093866,1.4166816062549854,0.6679861922526721,1.188582971965004,0.8042584897296143,-0.005275363665150557,0.4553894841998045,0.919980090450866,1.5338506061388881,1.053860794628502,1.097856593853461,0.8545541648858611,-0.4714765653739514,0
1.7039022857426547,1.1253569153918046,-0.31624859569195257,-1.0494791781072375,0.15857170186798558,1.5300465913609418,1.1452552975878671,-0.7401411749408239,1.0496755710399117,-0.06838493757289761,0.3621772757786114,1.169947015139732,1.0130089267476907,0.4670505593588024,0.10561989214675546,0.8072333878105725,1.243955473329659,1.4471311398266682,1.1816118534156153,1.367674912660722,0.3057035473153865,1.1760305076374231,0.8619334388521983,1.7649934395741516,1.2622131374244787,1.0640484876627547,0.2336642305078636,-0.7310631394058842,0
1.1109751025314278,-0.5891796926965027,-0.9011031414910922,-1.0494791781072375,0.08835836123987255,1.2896968591179747,1.3661279765021292,-1.223609538755381,0.9620713645296418,0.45069904198129374,-0.20817675726324653,1.0145783054514796,0.7582494276592087,0.8861192012740212,-0.29798895115081525,0.6584448951068205,-0.4202065091214706,1.5056378422535883,0.829103453746838,1.4716481688080338,0.569097822252363,1.5196827429748443,0.5660623941845524,1.119431379992717,1.053860794628502,0.8752983088254439,0.16135291049713046,-1.2691578142027131,0
1.3580280955361046,-0.283974223193872,0.12239231365740333,-0.2086811996975811,0.2287850424960986,0.7288808172177176,0.8942636170034786,-0.3372508717620266,1.3825715557789386,0.4939560402774766,0.49379743724980946,0.1953614725497846,0.9970864580546606,0.7735876381389328,-0.5625649885649565,0.8591627221907212,-0.3154897599462006,0.8032740876950657,1.1015417160586178,0.5890807038243286,1.196034085454003,0.8134954963422291,0.8427649641595536,1.3857523616682255,0.06724376544126658,1.0526733181477081,0.3052768794985106,-0.30172589094791535,0
1.1603857011323622,-0.5442965354167041,-0.3528020048043981,-0.6290801889024098,0.5798517456366638,0.9371839184949556,1.5167229848527624,-0.3372508717620266,0.8569463167173175,1.661894994274408,0.7131643730351397,0.6897164579214972,1.6339852057758655,1.3670903289413685,-0.808737645780622,1.5668435610101703,-0.4847599384312401,1.416730320599508,1.6701765076386603,1.3864166405205658,3.1260483989482486,1.7672066472384593,1.6798635295606983,1.1723912094916176,0.6400938015293068,1.4705034901081218,0.6533150655512817,-0.30172589094791535,0
0.060999882261548254,-0.5442965354167041,-1.1935304143906629,-2.130505150348224,-0.5435617044131448,0.6808108707691244,1.2456519698216226,-1.5459217812984185,2.311176144787803,0.926526023239303,0.7131643730351397,0.42135232300542474,1.2836908945292027,1.271473622535512,-0.6643639745341177,1.4614703405380864,-0.3019304533764498,1.0481805941252342,1.1148975973915587,0.9914591009539483,2.02384466382736,1.3293786503461946,1.2015988104058632,0.030012114326338542,0.32061274843581106,1.2496667617339248,-0.5233044218953093,-1.6429225282405804,0
1.0245065549797903,-0.6161095870643819,0.8534604959063299,-0.6891371873602422,-0.4031350231569187,0.2481813527317833,0.9645412875671077,-1.1430314781196214,1.2248839840604524,0.23441405050038053,1.239645018919931,1.0710760180653895,1.6499076744688956,1.3360279686220533,-0.15353252581168905,1.6171137519987084,-0.7560511422298489,0.6036713183983824,1.655094134328535,1.143288763356092,1.375489525520954,0.912005009756234,1.7026401877248998,1.0271178697194432,1.1288418982532127,1.4800780736325299,-0.365599504062896,-1.1776473947096957,0
1.0121539053295565,-0.5263432725047846,0.19549913188229598,-1.6500491626855633,0.7904917675210028,2.539515466781404,1.7175163293202735,-0.3372508717620266,0.48900864937418265,0.8616405257950288,0.2305571143074133,0.9157073083771367,1.4110706440734437,0.4263826111263718,-0.513805524043856,1.3676942724720953,-0.5676884286012961,2.6395629001374603,1.4272514855406482,1.7164010512782744,1.4776633486558473,2.1139067959713347,1.3704617968747148,1.013968271249215,0.9247981711132817,1.3323219078019726,0.8545541648858611,-0.30172589094791535,0
0.9503906570783863,-0.3916938006653888,1.1458877688059004,-0.7191656865891578,1.0713451300334549,1.1294637042893296,0.7637479430995966,0.22679555268828971,0.15611266463515547,0.5372130385736591,0.7570377601922047,0.44960117931237975,2.000201985715558,0.30609359707483197,-0.5069089043022785,2.007333657489507,-0.5978716329118932,0.8996047357587602,1.9675566068787051,0.6282704151150715,1.4767950158813292,0.6367403312293084,2.2265484277949263,0.9483629508525425,0.3532910801647893,1.6816664889880713,1.1146458166532607,0.2727869402338317,0
0.9133327081276855,-0.5981563241524624,-0.42590882302929073,-0.9293651811915727,1.281985151917794,0.4885310849747504,0.8741842825567274,-1.223609538755381,0.05098761682283149,0.34255654624083715,-0.16430337010618049,0.8309607394562722,0.9970864580546606,0.9635613015786277,-0.2951276817078215,0.950807712476602,-0.5270865916969252,0.6644446243091539,1.0186701011537351,0.927623475859076,0.471265662990057,0.785778533902321,0.8427649641595536,0.9091138961781144,0.8163553510948579,1.0526733181477081,1.3038948597019737,-1.2691578142027131,0
0.6909850144234759,-0.5442965354167041,0.3417127683320813,0.3018032871939957,1.141558470661568,1.0653704423578716,0.7537082758762208,-1.30418759939114,1.5052174448933173,0.5155845394255678,0.09893695283621522,0.5908454608471543,1.188156082371022,0.3386831093844508,-0.45593243553275853,1.2043272419487658,-0.6100068708067162,0.8595991842687787,1.1539228311400058,0.6956268850391043,0.9013798306343955,0.6234771455944035,1.078740163199359,0.6754172347578561,0.520040101658548,1.185767957294794,1.178267250302646,-1.3614276649452164,0
1.5062598913389122,-0.5712264297845833,-0.24314177746705992,-0.9593936804204884,1.281985151917794,1.4499300139466196,0.974580954790483,-0.8207192355765833,0.7693421102070468,0.5718186372106052,-0.0765565957920489,0.9863294491445246,0.7104820215801183,0.3326924717233255,-0.36802210578729544,0.5351700688291746,-0.5336652474019213,1.2480950214009476,0.8512329546871096,1.1036657173171447,0.8273978782455036,0.9262682919740216,0.5131574040328529,1.5473711516907347,1.0167059791010336,0.8382077393540142,1.3038948597019737,-0.8189565078231255,0
0.3574634738671595,-0.3288573804736707,1.1458877688059004,-0.8092511842759069,0.15857170186798558,1.1294637042893296,1.2054933009281206,-0.4178289323977861,0.12107098203104735,0.4074420436851112,0.49379743724980946,0.32248132593108186,1.6658301431619258,0.8262480134103412,-0.4855729798631174,1.8075375598806245,-0.5422950540039995,1.273594310594278,1.5211769924755583,0.8986983814164272,1.0721519429561717,1.2674679095010384,1.72550705047589,0.3306504567834611,0.2080012028800421,1.4896149172737465,0.2336642305078636,-0.3862772733458955,0
0.8886274088272182,-0.8135954790954959,0.4879264047818666,-0.8392796835048236,0.5798517456366638,1.7703963236039089,1.6472386587566443,-1.3847656600268996,0.7868629515091012,0.7534980300545723,-0.29592353157737855,0.36485461039151473,1.713597549241016,0.8359836739996772,-0.6181140008392443,1.7190578753341543,-0.8892834873578668,2.0635056247165693,1.684466214820897,1.266951667124944,0.8591209689412099,1.9903948679852472,1.7946488662495945,0.8829954170466529,0.2559275575476277,1.518001955056498,0.6533150655512817,-1.4544696573043197,0
-0.7789802939543575,-1.2534504204375223,-3.6791622340370105,-2.6710181364687173,-0.8244150669255969,-0.5049144749628477,-1.4650581804897744,-0.6595631143050643,-2.0515133394236544,-1.3444663873102856,0.40605066293567743,-1.1182103457236228,-0.722540160792593,-1.9711941985209835,0.7034941979912134,-0.6827518019136647,-0.6357016015951855,-1.1520680727366348,-0.7473465980247367,-1.3047546463598105,-1.45903809476236,-1.1394311999714202,-0.6964861048065167,-0.7920446643969079,-1.1218502215564274,-0.6681122509478111,-0.8491525646539598,-0.6438591378366034,1
-0.828390892555292,-1.1098243171421667,-0.31624859569195257,-1.0494791781072375,0.08835836123987255,-0.39275126658279663,-0.942995484874246,2.1606690079465167,-2.0690341807257084,-0.7734740098006747,1.283518406076997,-1.3300767680257852,-0.21302116261562898,-1.1064546352479125,-0.3889742330986476,-0.07264838803294411,-1.0798139633243282,-0.8387384736376957,-0.32343309620521177,-1.0927185373790076,-0.27810552141855077,-0.9338875403655013,-0.3501004915370776,-0.8390312947353726,-1.268315175838278,-0.0201420575512975,0.16135291049713046,2.043692668861381,1
-0.4454587533980411,-0.8764318992872138,-1.2666372326155555,-0.8092511842759069,0.018145020611759512,-0.44082121303138977,-0.6217261337262288,1.3548884015889224,-1.7010965133825733,0.29929954794465463,0.09893695283621522,-1.443072193253605,-0.9454547224950147,-0.5166262885021305,-0.994317270371677,-0.9821967090448457,-0.6738081232994695,-0.664861653882728,-0.9090070543538629,-0.9785348312271279,0.6177244576253432,-0.743392953149636,-0.8189839336658653,-0.47090436208258335,-1.341281861753668,-1.0172033976581774,0.08832915221882813,1.3397580529691713,1
0.826864160576048,-0.9751748453027709,-1.6321713237400186,-0.4489091935289116,-0.4031350231569187,-0.31263468916847376,-0.2402187792379579,-0.3372508717620266,-1.5083672590599788,-0.5442119188309068,1.195771631762865,-0.21424694390106291,-0.37224584954593026,0.03081663969320946,-0.035704541453232964,-0.4943572290294414,-0.7210996687256285,-0.40680884724622035,-0.2739837599530057,-0.3931266698246427,0.06141259341779381,-0.4538411805815207,-0.46826850023055816,0.8178656698315432,-0.35547619525490914,-0.2046440728866014,-0.365599504062896,-0.30172589094791535,1
-0.7789802939543575,-1.0828944227742876,-0.7548895050413069,-0.1486242012397487,-0.8946284075537099,1.9306294784325537,1.0749776270242386,-1.3847656600268996,0.48900864937418265,-0.26304142990571955,1.151898244605799,0.36485461039151473,-1.0409895346531954,0.14903413393068987,-0.04197190130656073,-1.0588805569859996,-0.9932299886804855,1.6022518157527637,-1.0159844062986878,0.8238939705076296,0.4984734232582726,1.0715204147261193,-0.8660707279696798,-0.7920446643969079,0.2559275575476277,-1.1837480783108743,-0.9329031903368524,-1.4544696573043197,1
-1.0260332869590343,-0.7956422161835763,0.5975866321192047,-0.1486242012397487,0.2989983831242116,-0.6491243143086283,-0.2803774481314601,0.7102639165028465,-0.9827420199983573,-0.9118964043484591,2.1609861492183167,-0.5391087914310454,-1.247981627662587,0.2916442204271442,0.24492511144690005,-1.2814208300214773,-0.8868949753850522,-0.5347302813660966,-1.2060179666302324,-0.5287875294344069,-0.16811670331300024,-0.48755872251872884,-0.956951849159513,-1.0254559819082283,-0.6572751373443687,-1.5895023265302417,0.3762042294723481,0.7426506522236396,1
-0.7789802939543575,-1.0110813711266098,0.7072468594565445,-0.4188806942999949,-0.12228166064446655,0.20011140628318946,0.6231926019723388,0.06563943141677064,0.8569463167173175,-0.19815593246144583,1.0202780831346008,-0.44023779435670307,-0.21939015009284105,0.8914135550864841,-0.4166415664092941,-0.08846836889937584,-1.1006660128098278,0.345136858521556,-0.3228988609518943,0.06501649271453992,0.5245234064937973,0.4553894841998045,-0.35500040469145155,-0.7920446643969079,-0.5685568240630418,-0.02725822179643285,-0.05991281953272369,0.11164711675834377,1
0.13511578016294998,-1.1906140002458043,-2.436346324213837,-1.3497641703964005,-1.5265484732067272,1.0974170733236006,1.155294964811243,-0.8207192355765833,1.207363142758398,0.10464305561183271,0.7131643730351397,0.8027118831493172,-0.7798610480875015,0.7923697353014867,-0.15814848868891399,-0.857033390699629,-0.842222039997915,1.2130759975754397,-0.7150275368870412,1.1530658786124552,0.7919699010451896,1.1911510154976825,-0.7296741763778949,0.1046580809045302,0.7806553928018984,-0.7531813529419529,-1.7325601564435253,-0.8189565078231255,1
-0.7789802939543575,-1.0469878969504487,-1.6321713237400186,0.03154679413374948,-1.5265484732067272,-0.29661137368560964,-0.029385767547071496,-0.7401411749408239,-0.9652211786963032,-0.16355033382449968,0.7131643730351397,1.2264447277536419,-0.7543850981786533,0.36945963077205574,0.21302095747639202,-0.7203646774208984,-0.809757531507833,-0.27619582148927063,-0.7742103788521318,0.29928809096258513,0.38998971529521864,-0.26432287812513666,-0.7150682496850336,-0.7920446643969079,1.3396563071383591,-0.7150031391118087,-1.7325601564435253,-0.7310631394058842,1
0.4192267221183298,-1.2534504204375223,-0.023821322792381975,-0.7491941858180745,0.7202784268928898,0.37636787659469856,-0.7321624731833596,1.5160445228604413,-2.0515133394236544,-0.8167310080968574,0.27443050146447934,-0.9628416360353703,0.009893399086792766,-1.169842335818847,-0.13531649534957535,-0.02277834051180468,-1.2588696312283891,-0.5399718019225035,0.028510664577945162,-0.9061950116987432,-0.7725342032288193,-0.8143759987109477,-0.16951090878566685,0.3939730259086306,-1.0064408736266026,0.21658933980804373,0.7880797147221594,1.484155578682234,1
-0.9766226883580976,-1.0290346340385292,-2.2535792786516056,-0.8092511842759069,3.5990253926455242,-0.7132175762400859,-0.7522418076301107,-1.787655963205697,1.5928216514035873,-0.9551534026446418,1.4151385675481951,0.6473431734610643,-0.09201040054860003,-0.5383590749907313,1.0753617096095405,0.09737188648241143,-0.6594825272980183,-0.8009145280009217,-0.24039208963464292,-0.5214479221366936,-0.5325270243521804,-0.8266628995863712,-0.2542599221655896,-0.9790780852421632,0.5883064795855231,0.11123417731750855,3.1179976055543537,-1.9317297582603987,1
-0.8778014911562286,-0.6520161128882207,-0.572122459479076,0.271774787965079,0.2287850424960986,-1.9149662374549221,-1.0132731554378749,0.06563943141677064,-0.22934584401003347,-0.8686394060522766,-0.22572611212607294,-1.1182103457236228,0.3920326477195158,0.29641941078620704,-0.1666238850458338,0.6549995399631559,-0.5562701538671438,-1.1539380206108123,0.17777078230364146,-1.082941422122644,-1.0446696947626057,-0.9690576035302304,0.18120452464964032,-0.8858657416557374,-1.1218502215564274,0.57524625364459,0.3052768794985106,0.11164711675834377,1
1.061564503930491,-0.741782427447818,1.1093343596934533,1.653085752495229,-0.9648417481818229,1.0493471268750074,0.8340256136632253,-1.223609538755381,0.48900864937418265,-0.7258913116748739,1.7661256648047234,0.7744630268423622,-1.0728344720392557,0.4461505641742186,0.7075735066485555,-1.2622777325619625,-0.9030224386346846,0.9185875399360172,-0.9101797658855358,0.8619732615060978,0.016722399955959758,0.7309160927841515,-0.8810446893766398,1.0666237339119147,0.7451792586988639,-1.2419117950784713,-1.0176109867463405,-1.2691578142027131,1
0.6045164668718385,-0.6071329556084222,-0.46246223214173626,1.3528007602060659,-0.8946284075537099,-0.6651476297914927,-0.19002044312108013,-0.7401411749408239,-0.9827420199983573,-0.5701661178086163,0.09893695283621522,0.2377347570102168,-0.8753958602456822,0.47889082075897665,0.21231197444629504,-1.0106892235788354,-0.5295352407466158,-0.49174981280356006,-0.7614886304215028,-0.2003468737171764,-0.5225701418710463,-0.41062272110692116,-0.7823897368973377,0.5853674528288239,0.11365930682686128,-0.9019676141728645,-0.9329031903368524,-0.7310631394058842,1
-0.013116015639855648,-0.5981563241524624,0.8534604959063299,3.1545107139410433,2.7564653051081676,1.6101631687752638,0.8641446153333521,-1.223609538755381,0.6466962210926688,-0.7388684111637286,1.5467587290193932,1.254693584060597,0.7582494276592087,0.11372253308484691,0.9915665296576264,0.8894171839689178,-0.7396835345635734,1.2302455189656154,0.6344441979292502,1.1537700475782875,-0.10386007799870436,0.7719914881525727,0.5660623941845524,-0.044291439561128264,1.378713628280186,0.8752983088254439,2.5084610328719497,-1.2691578142027131,1
-1.2854389296139446,-1.1188009485981263,-0.24314177746705992,0.45194578333857716,0.08835836123987255,1.7383496926381798,0.11116957358018625,-1.8682340238414565,0.10355014072899328,-0.7994282087783843,0.14281033999328124,0.7320897423819294,0.44298454753721217,-0.74673635108839,0.8114014225325831,0.8081206792292172,-1.0979918660197736,0.577520380703444,0.1569790411846863,0.22838369278762763,-0.8046625158859672,-0.1263095496872422,0.23189228605806825,-1.2664431802018536,0.6923847279004197,0.6192883179354639,0.16135291049713046,-2.0296903320771875,1
-1.656018419120962,-0.4096470635773083,-1.6321713237400186,-1.0494791781072375,-0.19249500127257957,-1.0977771478288334,-0.46109145815221986,-0.17609475049050752,-0.772491924373709,-0.5442119188309068,1.195771631762865,-0.6662286448123427,-1.0155135847443473,0.46623613399136316,-0.25338287522910125,-0.9307645307750597,-0.022918999315767064,-0.7556674559545336,-1.0604866372376511,-0.6757692593410126,0.06141259341779381,-0.6298581791689802,-0.8538317696341595,-1.6034343366576858,-0.7673127047160054,-1.138203315136456,-0.135160689308897,-0.13452795518623836,1
0.036294582961078826,-1.2893569462613612,-2.399792915101391,-1.0494791781072375,-0.9648417481818229,-0.5529844214114412,0.0007332341230549406,-0.9818753568481025,-0.22934584401003347,-0.19815593246144583,1.0202780831346008,-0.18599808759410788,-1.1301553593341642,0.6998461901300954,-0.31549211863961285,-1.2388796659995063,-0.9864900532894735,-0.35028542286767067,-1.0350170801201342,-0.22223027850150248,0.5245234064937973,-0.23553438363213927,-0.9070885576743358,0.005206217175989488,-0.3278339077992321,-1.3502654573747899,-1.0176109867463405,-0.9968555543278793,1
-1.4336707254167524,0.49699271347462415,-0.4990156412541834,-0.4489091935289116,0.8607051081491158,-0.9215206775173244,-0.7120831387366084,0.5491077952313275,-1.1229087504147899,-1.0416673992370071,0.01119017852208315,-0.12950037498019784,-0.7862300355647135,-0.2704207202916021,0.7490153032439115,-0.6737933369857778,0.6511592557064487,-0.8285670905039115,-0.8586238922523619,-0.6848151222097811,-1.1716199463970653,-0.8018986032483086,-0.7332895762163947,-1.4022668808563643,-0.27187786031810485,-0.7628207844141979,0.9204377232318973,0.5882252086233479,1
-0.828390892555292,-1.2085672631577238,-1.5225110964026798,-1.4098211688542328,2.5458252832238286,-0.6331009988257638,-0.1799807758977046,-0.09551668985474843,2.0483635252569923,-0.7172399120156373,0.44992405009274344,-0.42611336620322526,0.009893399086792766,0.46101930587277357,0.04712521132796033,0.19149588522879177,-1.0261168072184648,-0.47594025350369495,-0.13599470305949857,-0.4283080346944937,-0.5579981190713605,-0.40183615827158936,-0.16951090878566685,-0.8390312947353726,-0.5556589551186417,0.21658933980804373,2.3479092352230753,-0.0518624948017308,1
-0.37134285549663937,1.3767025961586772,0.12239231365740333,1.052515767916903,0.08835836123987255,0.8570673410806335,0.5227959297385832,0.5491077952313275,0.6291753797906147,-1.0762729978739531,1.0202780831346008,0.7320897423819294,-0.9040563038931364,0.20345786002779478,1.4390763608412434,-0.9423961434563971,1.3246808723756036,0.5727888459309037,-0.8672889274586116,0.5759452442693805,-0.8738975824408298,0.331568002509492,-0.7975711688539123,-0.3985982155576843,0.6923847279004197,-0.9484481191581279,0.16135291049713046,0.5882252086233479,1
-1.2360283310130102,-1.2714036833494418,-1.3397440508404481,-0.1486242012397487,-0.9648417481818229,0.20011140628318946,0.23164558026069246,-0.4984069930335457,-0.28190836791619567,-1.106552896681281,1.8538724391188546,0.7179653142284521,-1.493187645535251,0.31986902231678677,1.516885732751662,-1.5607428887531396,-1.1275959491907384,0.07773431251416042,-1.4197880770380447,0.3239881716102402,-0.6471469505884915,-0.0005831221247713915,-1.0448850844530846,-1.2208642464808175,0.674898463062568,-2.179178885570113,-1.0176109867463405,-0.4714765653739514,1
-0.3466375561961699,-0.4724834837690262,-0.6086758685915216,-0.2086811996975811,-0.9648417481818229,-0.15240153433982878,0.5027165952918322,-0.8207192355765833,0.313800236353642,-0.5009549205347241,0.8886579216634027,0.7462141705354072,-0.10474837550302414,1.086324727216685,0.3720935049360873,-0.02695711809775885,-0.3557888589915767,0.10516021466876534,-0.1719187663130774,0.5658431279518636,-0.02542068403395655,0.307375189933077,-0.2645937596281279,-0.37442007500699953,0.7099269487857535,0.09773626727912799,-1.0176109867463405,-0.8189565078231255,1
-1.1372071338111391,-1.0828944227742876,0.5244798138943121,1.3528007602060659,-1.5265484732067272,-0.47286784399711873,-0.4510517909288443,0.3073736133240493,-0.33447089182235784,-1.236323891569829,1.5467587290193932,0.15298818808935236,-0.37224584954593026,-0.19041790365654448,1.4868063746053581,-0.21212381548717635,-1.1484498770813192,-0.5765207830996109,-0.4915217490783226,-0.4217809300496638,-0.9759556278724535,-0.6223574547973555,-0.46826850023055816,-1.1292498287844424,0.021331828483002083,-0.2046440728866014,-1.7325601564435253,0.3524894550435023,1
0.060999882261548254,1.3677259647027171,-0.17003495924216727,0.9023732717723215,-1.035055088809936,-1.0336838858973758,-0.4410121237054688,1.9995128866749978,0.05098761682283149,-0.11164193586908047,-0.5152904673627088,-0.8498462108075506,-0.7384626294856231,0.4253842770289146,-0.6266671460708028,-0.8024933200755756,1.4338217191320888,-0.7285248792354104,-0.6847259739214272,-0.7201589876102088,-0.3102338340756987,-0.6148091067789269,-0.7058222795391697,0.030012114326338542,-0.9182541427963464,-0.6914441009842761,-1.1032980857285735,1.9064260710097167,1
-1.4336707254167524,-1.2983335777173208,0.7803536776814372,-0.4489091935289116,-0.4031350231569187,-0.15240153433982878,0.1814472441438149,-1.1430314781196214,1.3300090318727769,-0.8686394060522766,-0.7346574031480384,0.6614676016145421,-0.722540160792593,0.5704691702383201,0.9012488553991256,-0.5952002173336168,-1.3723740454952948,-0.0943008919101776,-0.8071983199004851,0.2577962888220065,-1.2494804518454685,-0.05380254742820346,-0.6964861048065167,-1.4022668808563643,0.6055129641859699,-0.6681122509478111,-0.365599504062896,-1.1776473947096957,1
-0.4084008044473402,-1.2175438946136834,-0.46246223214173626,-0.4489091935289116,-0.05206832001635352,-0.15240153433982878,-0.08962377088732482,-0.4984069930335457,-0.22934584401003347,-1.0546444987258619,1.195771631762865,0.7744630268423622,-0.9454547224950147,0.13521604403782464,1.408594987801757,-0.9861187875496026,-1.175471146220503,-0.26259620058616084,-0.9060752755246807,0.07460402401856399,-0.7787861992053453,-0.3206140286474249,-0.8189839336658653,-0.43479409040647526,0.7451792586988639,-1.0172033976581774,0.014578777449471064,-0.4714765653739514,1
-1.0383859366092678,-0.6520161128882207,-0.2065883683546128,0.9924587694590706,-0.6839883856693708,-0.8253807846201373,-0.34061545147171346,0.5491077952313275,-0.05413743098949287,-1.1281813958293723,1.6345055033335254,-0.49673550697061314,-0.8021525042577436,0.37503055559565185,0.6753591597252707,-0.7446305524626486,-0.623374394117708,-0.6195295842056955,-0.8370807470779271,-0.5512938529192769,-0.7580041014685593,-0.5367063260204222,-0.7422649326018919,-1.0370266774156662,-0.6195887393658299,-0.7870887320918865,-0.684437974696254,0.5882252086233479,1
-1.6683710687711957,-0.5981563241524624,0.9265673141312225,1.9533707447843918,-0.8244150669255969,-0.6010543678600347,-0.42093278925871763,0.3073736133240493,-0.4395959396346818,-1.0632958983850984,1.7661256648047234,0.8450851676097495,-0.5887914237711399,-0.018264615034713345,1.4822874898795642,-0.394136757926312,-0.7501163186742206,-0.5960135730607348,-0.7223939026563639,-0.18601974360466586,-0.5973625381828207,-0.5995695398016576,-0.6145009599658063,-1.6145199475199292,0.8342892643125586,-0.4805298741736541,-0.8491525646539598,0.3524894550435023,1
-1.6807237184214292,-0.2480676973700331,0.3417127683320813,0.6321167787120754,-1.105268429438049,-0.5529844214114412,-0.34061545147171346,0.9519980984101246,-0.42207509833262774,-0.9767819017927332,0.18668372715034728,0.1953614725497846,-0.21302116261562898,0.08148091106949136,0.8296637745272336,0.07945824226521767,-0.3245717677523903,-0.5381301865918741,-0.4253286981794539,-0.3270160373016974,-1.0234244862127442,-0.5367063260204222,-0.3501004915370776,-1.6255960469185395,0.06724376544126658,-0.0201420575512975,-1.1899873957205114,0.9703402446487357,1
-1.1372071338111391,-0.903361793655093,-0.24314177746705992,1.2326867632904013,-2.0882551982316313,-0.15240153433982878,-0.4410121237054688,0.4685297345955679,-0.36951257442646596,-1.4353060837322689,0.49379743724980946,0.8450851676097495,-0.38816831823896036,-0.4290009714072617,3.059642348366378,-0.23138173225545114,-0.8759617209897989,-0.48075678590687954,-0.5046387447288857,-0.20340730037637036,-1.5665376922476273,-0.6148091067789269,-0.47958917587256716,-1.1292498287844424,0.8342892643125586,-0.22389233748451431,-2.5239085364327627,0.5102006554141297,1
-1.1372071338111391,-0.45453022085710676,-0.17003495924216727,-0.29876669738433015,-1.315908451322388,-1.113800463311698,-0.5313691287158487,1.2743103409531629,0.08602929942693922,-1.1498098949774638,0.5376708244068755,-0.48261107881713533,-0.849919910336834,0.33269143270811835,0.7358060526817144,-0.7898613185354213,-0.42799356648299364,-0.7918481140655151,-0.8850316185952177,-0.6635275527042361,-1.143833297612505,-0.681029787659842,-0.7686497742376499,-1.1292498287844424,-0.6069146946113543,-0.8613881455759353,-1.456310112597256,1.2668499018583252,1
-1.2360283310130102,-0.741782427447818,0.19549913188229598,0.7522307756277401,-0.9648417481818229,-1.3541501955546653,-0.7823608093002373,1.1131542196816437,0.06850845812488517,-0.6307259154232719,0.40605066293567743,0.054117191015009475,-0.9454547224950147,0.06517459227768188,0.19368909149539945,-0.893854070047001,-0.7787088189230718,-0.9583018074108689,-0.9715516693764157,-0.6885797178348075,-0.4561137401946397,-0.8447360735484764,-0.8189839336658653,-1.2208642464808175,-0.08383756275777694,-1.0172033976581774,-1.0176109867463405,1.1195834680648966,1
-0.38369550514687295,-0.7238291645358985,-0.38935541391684525,0.36186028565182804,-1.3861217919505011,-1.466313403934717,-0.5715277976093509,1.7577787047677191,0.05098761682283149,-0.8686394060522766,0.01119017852208315,-0.7792240700401627,-0.8021525042577436,0.759942276712119,0.03678044646749197,-0.8237333918704938,-0.6658845373303447,-0.900985071812971,-0.7801065118308202,-0.7711570707895231,-0.9493267561205836,-0.7092229865677901,-0.7422649326018919,-0.41067301863758,-0.8613188644842993,-0.7870887320918865,-1.5472542169144416,1.6972953938461193,1
-0.8778014911562286,0.44313292473886573,-0.5355690503666289,-0.4489091935289116,-0.8244150669255969,0.2481813527317833,0.2216059130373171,-0.9012972962123429,0.699258744998831,-1.2579523907179202,0.8447845345063367,0.9722050209910468,-1.4549737206719788,0.26483806337572585,2.2584597709392673,-1.5407477055388186,0.606072785657232,0.09000230387050769,-1.370251873264974,0.42522600215951106,-1.2130104753157334,-0.011322254479065515,-1.0325883951820194,-0.8858657416557374,0.9982125054085205,-2.0772903952574593,-0.8491525646539598,-0.9075502291871999,1
-1.7054290177218987,-0.31090411756175124,-0.31624859569195257,-0.4489091935289116,-0.12228166064446655,1.1615103352550586,0.23164558026069246,-1.5459217812984185,-0.42207509833262774,-0.7821254094599113,0.8886579216634027,0.491974463772812,-1.2798265650486473,-0.3381494271725281,0.6451680650206436,-1.257222125872465,-0.24922970684961004,0.4619236030270111,-1.2736551900634758,0.22605451851602848,-0.4619026253580901,-0.0005831221247713915,-0.9695804913099614,-1.6477197113248712,0.40272824811436475,-1.6584384454488754,-0.05991281953272369,-1.6429225282405804,1
-0.6554537974520169,-0.7328057959918582,-0.6086758685915216,-0.1486242012397487,4.371372139554768,0.3282979301461054,0.24168524748406822,-0.3372508717620266,2.9594472729638026,-1.0632958983850984,0.8886579216634027,0.025868334708054455,0.6053937282061195,0.2280702199426779,0.9056492815006935,0.8574426676649683,-0.63627011620414,0.1360426871362437,0.3932217792401852,0.031189298932827906,-0.8983845666822232,0.010203633876327223,0.39962410700858686,-0.6739122860965554,-0.11338235582781235,0.7545500549732707,3.6358612985450587,-0.30172589094791535,1
-1.4707286743674532,-0.19420790863427467,1.3652082234805785,0.6020882794831586,2.4053986019676024,-1.113800463311698,-1.0433921571080016,-1.787655963205697,-0.05413743098949287,-1.106552896681281,-0.03268320863498288,-0.49673550697061314,-0.38816831823896036,-0.797757466261436,0.6276698609593805,-0.17634747011362095,-0.4600602486123902,-1.023041669418381,-0.5412859800936627,-0.9797535852064531,-1.269452105659371,-0.9834161330416262,-0.47958917587256716,-1.4360087980882879,-0.6195887393658299,-0.22389233748451431,2.2389094544712482,-1.9317297582603987,1
-0.8778014911562286,-0.8315487420074154,-1.4128508690653407,-1.0494791781072375,-1.035055088809936,0.4084145075604276,0.4725975936217057,-0.5789850536693052,0.313800236353642,-0.9335249034965505,1.195771631762865,0.1812370443963074,-1.0155135847443473,0.4848095489621223,0.7332064423999077,-1.0183112919538657,-0.5911352777778084,0.33437049197326096,-1.0019292414227863,0.2694963270235275,-0.5794169941761259,0.2714431484194846,-0.8538317696341595,-0.8858657416557374,0.051883830407697416,-1.138203315136456,-1.1032980857285735,-0.5573337735064489,1
-0.7789802939543575,-1.1367542115100457,-0.9742099597159848,-0.29876669738433015,-0.8244150669255969,1.9626761093982827,1.7275559965436489,-0.9818753568481025,0.6291753797906147,-0.2414129307576283,0.3621772757786114,0.2236103288567396,-0.2767110373877495,0.78608131658694,-0.11793851352192597,-0.156171544812396,-1.0222197185609696,2.268066589134178,-0.3712536664412053,1.227572371881862,0.06488592451586396,2.1317418516994193,-0.3984501500559368,-0.7920446643969079,0.09813150365084888,-0.09226346586471719,-0.8491525646539598,-0.9968555543278793,1
-0.8778014911562286,0.7483383942414963,-0.572122459479076,-0.4489091935289116,-0.8244150669255969,0.8891139720463626,0.9645412875671077,0.7102639165028465,2.1359677317672627,-1.1930668932736463,2.0293659877471186,0.30835689777760467,-1.0855724469936798,0.7285634465021573,1.4714807671928387,-1.1015982564384235,0.9456984476828394,0.9425285392342005,-1.060647342151251,0.7059998355742493,-0.7536624375959724,0.912005009756234,-0.8869332448022204,-0.8858657416557374,0.1921376634191427,-1.2655745176636344,-0.8491525646539598,0.7426506522236396,1
-1.1372071338111391,-0.2301144344581136,-2.436346324213837,-0.5990516896734931,-0.19249500127257957,-0.10433158789123564,0.1412885752503127,-0.8207192355765833,-0.33447089182235784,-0.76049691031182,1.371265180391129,0.491974463772812,-0.11748635045744824,0.4589269934130857,0.6094972455667125,0.09600285280522125,0.4970331145848937,-0.10078904438270285,-0.28164981866931194,0.15390428293998312,-0.2181905599768431,-0.09552086202847802,-0.27486986615512127,-1.1292498287844424,0.40272824811436475,0.0841626322441419,-0.135160689308897,-0.8189565078231255,1
-0.49486935199897775,-0.8943851621991332,-1.7052781419649115,-0.29876669738433015,-0.8244150669255969,-1.3541501955546653,-0.6719244698431063,-0.5789850536693052,-0.42207509833262774,-1.1281813958293723,0.3621772757786114,0.2236103288567396,-0.5887914237711399,0.33421988417074694,1.2134465955487441,-0.5633637557531628,-0.6057278002534029,-0.9131114004515772,-0.6064474791822634,-0.5654313990794477,-1.169304392331685,-0.7763723285613825,-0.6145009599658063,-0.5189182304932267,0.09813150365084888,-0.4805298741736541,-0.8491525646539598,-0.5573337735064489,1
-0.8160382429050584,0.1020209294123963,0.3417127683320813,0.45194578333857716,-0.12228166064446655,0.4244378230432924,0.08105057191005936,-0.17609475049050752,-0.49215846354084397,-0.9767819017927332,-0.6907840159909724,1.085200446218867,-0.9836686473582871,-0.06906055461918824,1.4112730179221227,-0.9871722502454773,0.012760626766358495,0.05858151307561454,-0.9704831988697804,0.3458174095510406,-1.3476020553659467,-0.15666962452477082,-0.8382083352023192,-0.8272989043462031,1.1477270642780923,-1.0824521365168533,-0.05991281953272369,-0.13452795518623836,1
-1.4583760247172197,-0.5532731668726638,-1.778384960189804,0.00151829490483276,-0.9648417481818229,0.3282979301461054,-0.3908137875885912,0.06563943141677064,-0.2994292092182497,-1.2968836891844846,-0.0765565957920489,-0.24249580020801795,-1.0569120033462256,-0.6656495812706703,1.3526545876407778,-1.00505469263976,-0.159678490073548,-0.310194873747045,-1.07898507580578,-0.5019478584674921,-1.52335260892829,-0.5763530119847242,-0.8736028109665542,-1.4247710038079444,-0.38289465852066146,-1.2126551617028782,-1.0176109867463405,0.11164711675834377,1
-0.6060431988510825,-0.5442965354167041,-1.4128508690653407,0.3018032871939957,-1.035055088809936,-0.15240153433982878,-0.10970310533407593,-0.3372508717620266,-0.19430416140592535,-0.9162221041780775,0.3621772757786114,1.3535645811349393,-0.2384971125244772,0.10297507172667714,1.4297368568083968,-0.1393224175039343,-0.24725022883147835,-0.2750625197473447,-0.318585888540964,0.27068799758108947,-0.8743028044022711,-0.33899675631375586,-0.369613547751256,-0.6263930137947409,1.517176867772235,-0.04873316247486009,-1.1032980857285735,-0.30172589094791535,1
-0.7172170457031872,0.19178724397199323,-0.3528020048043981,0.7522307756277401,-0.6839883856693708,-0.9856139394487823,-0.19002044312108013,2.4024031898537954,-0.2994292092182497,-1.0200389000889156,-0.42754369304857665,0.9722050209910468,-1.375361377206828,0.8921107046641044,1.4502520788636095,-1.4585854981335407,0.28386864292043357,-0.5960135730607348,-1.2946336963522904,0.05878730570910066,-1.3001331970256562,-0.41062272110692116,-1.0053015076783722,-0.7330973685421237,0.9982125054085205,-1.8778782407441017,-0.684437974696254,2.2464664325832815,1
-0.9272120897571632,-0.5442965354167041,-0.9011031414910922,-0.1486242012397487,-1.3861217919505011,-1.0336838858973758,0.0007332341230549406,0.06563943141677064,0.06850845812488517,-0.7172399120156373,0.18668372715034728,0.7885874549958394,-0.7543850981786533,1.3711193215294597,0.7009604804048151,-0.7015735933953323,-0.3700228107412294,-0.5228306130758756,-0.7875011095444242,0.15712721012975386,-0.6760913764057416,-0.23553438363213927,-0.7150682496850336,-0.932548005158001,0.7628893477266402,-0.7150031391118087,-1.5472542169144416,0.11164711675834377,1
-0.3466375561961699,-0.5263432725047846,-0.31624859569195257,0.9023732717723215,-1.105268429438049,-1.466313403934717,-0.2703377809080846,0.9519980984101246,0.06850845812488517,-0.76049691031182,-0.3397969187344446,-0.270744656514973,-0.8244439604279857,1.5309218411345082,0.18650868202690057,-0.8536183386907595,-0.47320748387650047,-0.7836883415236494,-0.7962182652631924,-0.43218096400657136,-0.9632200805128638,-0.4792007725046328,-0.7546788878357825,-0.37442007500699953,-0.41008929759648927,-0.8214780596475675,-1.1899873957205114,0.9703402446487357,1
-0.964270038707864,-0.9392683194789319,-1.559064505515126,-0.1486242012397487,-0.5435617044131448,0.10397151338600247,0.010772901346430717,0.22679555268828971,0.8569463167173175,-1.0200389000889156,-0.42754369304857665,0.576721032693677,-1.3849148584226463,0.07346647967682446,1.1821852706389815,-1.4506946825975973,-0.6915089569268155,-0.10778718263909479,-1.3162767391757195,0.0828373842344491,-1.3001331970256562,-0.22584297150753185,-1.0086950042333713,-0.9674598324165701,0.5031133972955071,-1.9009578507177494,-0.5233044218953093,0.2727869402338317,1
-1.7177816673721322,-0.8854085307431735,1.2189945870307932,0.1516607910494142,-0.4031350231569187,0.7128575017348534,0.8942636170034786,-0.5789850536693052,1.5753008101015336,-1.0416673992370071,0.01119017852208315,0.9157073083771367,-0.21302116261562898,0.7873312313284333,1.4708447898881007,0.08648170308289167,-1.042484261234483,0.7950009849790074,-0.4297589417435517,0.9924070207156452,-1.1716199463970653,0.8134954963422291,-0.3501004915370776,-1.6587672763325896,0.9247981711132817,-0.0201420575512975,-0.365599504062896,-0.5573337735064489,1
-1.9030714121256387,1.2600063872312008,-1.997705414864481,0.00151829490483276,0.5096384050085507,1.4178833829808906,0.5529149314087102,-0.9818753568481025,3.4850725120254245,-0.9335249034965505,-0.9101509517763026,0.28010804147064966,-0.5887914237711399,-0.1148031683717908,0.7956013045286882,-0.3569245388026783,2.2661099811249605,0.8526860436430317,-0.745583187351184,0.37777584723112106,-1.385229808928372,0.3682143987251443,-0.6145009599658063,-1.8233393758126057,0.16057845263978696,-0.4805298741736541,0.5850025864851598,-0.9968555543278793,1
-0.5936905492008488,0.08406766650047684,-0.7183360959288614,0.45194578333857716,-0.8244150669255969,0.4084145075604276,0.24168524748406822,-0.8207192355765833,-0.6498460352593305,-1.3228378881621943,-0.25205014442031254,0.2377347570102168,-1.343516439820768,0.16492850960440378,1.8839454135468936,-1.4308484616411532,0.2763525007445812,0.1682001240633887,-1.260603345053561,0.1234083500350932,-1.6023130025577488,0.010203633876327223,-0.993755320569391,-0.6144894170602097,0.11365930682686128,-1.8024984961416903,-0.8491525646539598,-0.8189565078231255,1
-1.5324919226186235,0.30848345289946993,2.0231695875046105,0.1516607910494142,0.2287850424960986,-0.8734507310687308,0.0007332341230549406,1.9189348260392383,-0.9477003373942492,-0.5442119188309068,1.195771631762865,-0.15774923128715287,-0.44548920553386884,1.1217893159081498,-0.008494749731249675,-0.2370936095772508,-0.15347646261281792,-0.4653155496731406,-0.5940427972027905,-0.21123440926581402,0.06141259341779381,-0.23553438363213927,-0.5195967142051874,-1.4920550975355362,-0.29996779615363084,-0.2944822612849694,0.3052768794985106,1.8371519951735098,1
-1.964834660376809,-1.4329830495567168,0.4879264047818666,0.45194578333857716,-0.8244150669255969,0.29625129918037646,-0.019346100323696165,0.4685297345955679,-0.2643875266141416,-0.8556623065634217,0.6254175987210076,-0.42611336620322526,-0.9964066223127112,-0.1177714379557441,0.22959080857244743,-0.8688778592523229,-1.4765532413889153,-0.059508528433055465,-1.0688563228729608,-0.32820770785925985,-0.6830380386018814,-0.25477433694094165,-0.8445010071767141,-1.8777211691243823,-0.5556589551186417,-1.1045986902207683,-0.8491525646539598,0.5102006554141297,1
-1.1372071338111391,-0.8495020049193348,0.4879264047818666,0.9023732717723215,-1.105268429438049,0.4244378230432924,0.2617645819308193,0.5491077952313275,-0.9652211786963032,-0.9335249034965505,-0.12042998294911446,0.8168363113027944,-1.1524468155044063,0.18030323153928476,1.13431627037064,-1.1557617371326432,-0.9233281107799566,0.18913787374546812,-1.1342545359559177,0.3927529794659383,-1.0830500033962795,0.03192001681893602,-0.9169010126252342,-1.1292498287844424,0.7984773939246371,-1.393749191821476,-1.1899873957205114,0.5882252086233479,1
-2.4342353470856977,-0.741782427447818,-0.6086758685915216,0.6020882794831586,-1.035055088809936,0.26420466821464744,0.1412885752503127,1.2743103409531629,0.7343004276029387,-1.3660948864583768,3.3016942153020326,0.36485461039151473,-1.0823879532550738,0.1362646812359698,2.1954973522222963,-0.9217998864023303,-0.6459418836942284,0.04061868046609025,-1.1693468426972176,0.10101036023727432,-0.7635035423738373,-0.09552086202847802,-0.8854665182210325,-2.2832519325071323,0.2559275575476277,-1.259637105851652,-1.1032980857285735,1.2668499018583252,1
-1.4583760247172197,-0.7776889532716569,-1.3762974599528943,0.3918887848807448,-0.9648417481818229,-0.5049144749628477,-0.4309724564820932,-0.4984069930335457,-0.10669995489565505,-1.3444663873102856,-0.03268320863498288,1.0145783054514796,-0.8021525042577436,-0.1262942094486943,2.7051576072346823,-0.6901502809481852,-0.534595128335384,-0.5742541796157592,-0.8736302564817313,-0.1427133522059809,-1.5719213554496358,-0.6072131351136941,-0.7422649326018919,-1.4247710038079444,1.053860794628502,-0.7870887320918865,-1.0176109867463405,-0.4714765653739514,1
-0.7172170457031872,-0.6520161128882207,-0.6452292777039688,0.9023732717723215,0.5798517456366638,-0.47286784399711873,0.060971237463308264,-0.17609475049050752,0.03346677552077743,-1.2968836891844846,0.44992405009274344,0.491974463772812,-1.2798265650486473,0.7139413285639319,2.0051610984595967,-1.3462011333567536,-0.5421139172185723,-0.28752883890852876,-1.2137166006668627,0.08977074020572069,-1.3802513676878048,-0.17667155618243682,-0.9695804913099614,-0.7330973685421237,0.40272824811436475,-1.6584384454488754,0.6533150655512817,-0.13452795518623836,1
-0.28487430794500185,0.9817308120964493,-1.4128508690653407,-1.0494791781072375,-1.3861217919505011,-1.0657305168631048,-0.7823608093002373,0.5491077952313275,-1.3331588460394383,-0.7172399120156373,-1.1295178875616327,-0.6944775011192976,-1.1938452341062846,-0.2724447804931415,-0.09732676672390295,-1.2832500449117106,1.5796390936959008,-0.8945535844275421,-1.112615836508532,-0.8680073870132236,-1.266557663077646,-0.8447360735484764,-0.9346550793970286,-0.31380827301674497,-0.7911499809429655,-1.4766385187577822,-1.5472542169144416,0.5882252086233479,1
-1.2360283310130102,0.9817308120964493,-1.3397440508404481,-0.1486242012397487,-0.8946284075537099,-0.47286784399711873,-0.3908137875885912,0.06563943141677064,0.48900864937418265,-1.634288275894709,-0.12042998294911446,0.6190943171541092,-0.5824224362939279,-0.08402269986590036,4.450294101074866,-0.45184636462549066,1.5427789334420459,-0.5425217308418365,-0.6744647480192897,-0.2310053071526431,-1.955203442121663,-0.5763530119847242,-0.6104381453768336,-1.2208642464808175,0.554061378527073,-0.47195009887370964,-0.9329031903368524,0.11164711675834377,1
-1.9154240617758747,0.057137772132597436,0.19549913188229598,0.1516607910494142,-0.2627083419006926,0.9692305494606847,0.7637479430995966,-0.3372508717620266,0.41892528416596636,-0.7821254094599113,-0.6907840159909724,1.0993248743723447,-0.38816831823896036,0.4198263808641599,0.9871742011259211,-0.09893100622480297,0.0038251285201789404,0.8205569392594343,-0.5901489605800322,0.975859050018587,-1.139202189481745,0.6367403312293084,-0.47958917587256716,-1.8342347574022242,1.1666681863504544,-0.22389233748451431,-0.21118034557101786,-0.30172589094791535,1
-1.7795449156233003,-0.25704432882599304,3.156325269990446,2.7040832255072993,1.3521984925459072,1.4178833829808906,3.0628317372525964,0.8714200377743652,0.48900864937418265,0.4074420436851112,-0.12042998294911446,1.5230577189766694,-0.8976873164159244,2.6733316201666986,-0.11937449760315723,-0.7670716800556107,-0.7559243566518224,3.105123255720584,-0.976894021909592,3.4911235125497084,0.5858855892263681,4.9281785802049205,-0.7942227745923077,-1.7138624294167093,1.7609214106000253,-0.938041676882431,1.3659190836671127,0.8949606121655924,1
-0.7172170457031872,1.8793939576924215,1.3286548143681314,2.103513240928973,0.15857170186798558,-0.15240153433982878,0.10112990635681048,0.5491077952313275,0.20867518854131764,-1.288232289525248,-0.16430337010618049,0.7179653142284521,-1.216136690276527,0.44150528099372893,2.1682877442626616,-1.2712782235055622,1.346407096235492,-0.1441661685549134,-1.1597718702099107,0.21413781294040546,-1.536551267100956,-0.13647719827988922,-0.9439623886619091,-0.7330973685421237,0.674898463062568,-1.5224760431299884,0.2336642305078636,0.5882252086233479,1
0.060999882261548254,3.1091924671589037,-0.8645497323786466,0.6020882794831586,-0.9648417481818229,0.5205777159404794,0.6231926019723388,-0.4984069930335457,0.7343004276029387,-1.0632958983850984,-0.9978977260904346,0.6897164579214972,-1.1683692841974365,0.5949578037161602,1.3729250710490888,-1.2838084290249367,3.687600160982705,0.4952993393267262,-1.0673231111297,0.6391850340854713,-1.5455819279559384,0.4553894841998045,-0.9238016635145863,0.030012114326338542,0.6400938015293068,-1.425294542187821,-1.0176109867463405,-0.4714765653739514,1
-1.3966127764660516,1.7716743802209045,0.08583890454495782,0.45194578333857716,-1.245695110694275,0.9051372875292266,1.0046999564606094,-1.223609538755381,2.311176144787803,-0.9767819017927332,-0.9101509517763026,1.4524355782092822,-1.1683692841974365,0.7651554356254264,1.6513022294819186,-1.149126113401497,1.7307635958008472,0.9834123995741735,-1.1647016020189802,1.40136668933362,-1.4286464476542475,0.9693438805082091,-0.9238016635145863,-1.3684393604517593,1.6583819535908602,-1.425294542187821,-1.3664683882197872,-1.2691578142027131,1
-1.1495597834613727,-0.15830138281043576,-0.7183360959288614,0.45194578333857716,-1.035055088809936,0.4885310849747504,0.6231926019723388,0.06563943141677064,-0.42207509833262774,-0.9940847011112063,-0.42754369304857665,0.9439561646840917,-1.1747382716746486,0.6225509936715466,1.3628390139589976,-1.181516608191442,0.01160458125100813,0.4802830912462092,-1.1534392279388772,0.7683729558939306,-1.2702625495822542,0.4553894841998045,-0.9265366665860262,-1.1407349211191988,0.9613934261659386,-1.4380287510529643,-1.1032980857285735,0.11164711675834377,1
-0.7048643960529536,-0.7238291645358985,-0.27969518657950543,0.6020882794831586,-0.9648417481818229,0.7128575017348534,1.125175963141116,0.22679555268828971,0.313800236353642,-0.48365212121625106,-1.1733912747186988,0.32248132593108186,-1.2575351088784053,1.085030746855333,0.1541424745577649,-1.3210389701842151,-0.6847556326359875,0.9735526744194193,-1.1940715108233206,0.8371648471713916,-1.0705460114432277,1.1459323628573161,-0.9607783277310988,-0.7212793749802727,0.2080012028800421,-1.6099777161399662,-1.0176109867463405,0.2727869402338317,1
-1.4954339736679227,-0.18523127717831514,1.5114218599303622,2.7040832255072993,-0.5435617044131448,-0.2645647427198806,0.2115662458139418,1.7577787047677191,0.29627939505158796,-0.8902679052003678,0.05506356567914918,-0.24249580020801795,-0.8945028226773183,0.7375015696667598,0.3933030271592187,-0.7996356542512131,-0.4760943589934458,-0.12002684145189348,-0.9511073983409188,-0.10544656386039591,-0.9597467494147937,-0.022013763186555783,-0.7925431651862981,-1.458455852258081,-0.38289465852066146,-0.9328551923686536,-0.5233044218953093,1.6972953938461193,1
-0.7789802939543575,-0.6340628499763014,-0.24314177746705992,1.5029432563506473,-0.8244150669255969,-0.12035490337409979,0.4223992575048282,0.3073736133240493,0.5415711732803444,-1.270929490206775,-0.29592353157737855,0.2377347570102168,-1.2893800462644653,0.9217796007734117,1.6805651993355537,-1.3522609859424206,-0.5984240397023305,0.0691778843626211,-1.2255218967523696,0.25893379253604326,-1.552065479339002,0.21250888549957656,-0.9732987243774005,-0.7920446643969079,0.11365930682686128,-1.6795081933968397,-0.8491525646539598,0.3524894550435023,1
-1.1866177324120757,1.7626977487649451,0.04928549543251068,0.7522307756277401,-1.3861217919505011,-0.31263468916847376,-0.2803774481314601,0.4685297345955679,-0.42207509833262774,-1.0632958983850984,-0.7346574031480384,-0.05887823421281061,-0.5314705364762314,-0.03673587225844949,0.8459970530477066,-0.3972813281547133,1.7379457463776848,-0.43060818382666244,-0.6277300217941043,-0.3676411699458672,-1.4552753194061172,-0.48755872251872884,-0.5774160502451471,-1.1751331293416811,-0.2006737898983709,-0.4043856639596672,-1.5472542169144416,0.5102006554141297,1
-0.17370046109289708,-0.8854085307431735,-0.17003495924216727,-0.4489091935289116,1.5628385144302461,-1.2580103026574785,-0.7823608093002373,-1.223609538755381,-1.1404295917168439,-0.414440923942359,-0.8662775646192364,-1.8668050378579302,-0.37224584954593026,-0.05630875226664081,-0.8957994055899667,-0.3592986143060914,-0.8682257522441955,-0.93705239974976,-0.38480499969609183,-1.148997887802064,-0.840495715047723,-0.8447360735484764,-0.46826850023055816,-0.20410780722551317,-1.5830119868721375,-0.2046440728866014,1.5489370616064742,-1.2691578142027131,2
-0.14899516179242764,0.5867590280342214,0.12239231365740333,0.1516607910494142,0.2989983831242116,-1.5944999277976326,-0.812479810970364,-0.9818753568481025,-1.3331588460394383,0.14790005390801558,-0.9540243389333686,-1.6831874718627227,-0.6906952234065328,0.33610105493035103,-1.0293657713362898,-0.7240733942655971,0.5444915986225295,-1.022475018547418,-0.6617820899730497,-1.116524865108491,-0.3310738206641189,-0.8623806346893459,-0.6775431415808443,-0.17962529983862716,-1.484445409234132,-0.6221128787613378,0.3762042294723481,-0.9968555543278793,2
-0.23546370934406516,-0.02365191097103996,0.12239231365740333,1.3528007602060659,-0.12228166064446655,-1.8348496600406,-0.942995484874246,-0.7401411749408239,-1.3331588460394383,0.2776710487965634,-1.3050114361898963,-1.7679340407835875,-0.595160411248352,0.36931214356883596,-1.0923513992222622,-0.60464855750768,-0.058381931095755464,-1.1166807258450013,-0.5863810818625276,-1.1842334195154403,-0.4665337334888497,-0.9338875403655013,-0.6185493418208929,-0.2651476250791755,-1.5311127528333919,-0.4891401825461177,-0.05991281953272369,-0.7310631394058842,2
-0.37134285549663937,1.0894503895679657,-0.023821322792381975,0.6020882794831586,0.4394250643804377,-0.9535673084830533,-0.8325591454171151,-1.5459217812984185,-1.3156380047373843,-0.02512793927671512,-0.7785307903051044,-1.8668050378579302,-0.467780661704111,-0.4887419312532119,-1.0421946951286543,-0.44048933930482703,1.0943206501062674,-0.8938452708388384,-0.48943692857757076,-1.1664666948390567,-0.3866471182332391,-0.8739055572159057,-0.5348394852807785,-0.3985982155576843,-1.5830119868721375,-0.3224998757630777,0.5160546333747397,-1.6429225282405804,2
-0.6060431988510825,-0.9841514767587306,-0.42590882302929073,-0.5990516896734931,-1.035055088809936,-0.47286784399711873,-1.4550185132663989,1.9189348260392383,-0.5972835113531684,0.1695285530561068,-0.9101509517763026,-1.5560676184814253,-0.30855597477380975,-1.9636713001672834,-0.9929150014384411,-0.2211447032737097,-0.9337306867210448,-1.143171654062517,-0.3783550862718909,-1.3485214559284626,-0.27810552141855077,-1.136692840280192,-0.4220837517946329,-0.6263930137947409,-1.4106673606302658,-0.12914671210908668,-1.1032980857285735,1.8371519951735098,2
-0.49486935199897775,0.11099756086835583,-0.6086758685915216,-0.29876669738433015,-0.4031350231569187,-1.081753832345969,-1.3747011754793943,2.1606690079465167,-1.1404295917168439,0.8832690249431201,-0.9978977260904346,-1.4571966214070826,-0.16525375653653862,-1.547285301706198,-1.133868670803327,-0.07224408111370827,0.27287602786416865,-1.168897603604233,-0.24251600051978392,-1.3032921415846204,0.35606684823740126,-1.1130715114654246,-0.31289109948664956,-0.5189182304932267,-1.3501508952794266,0.03257231733599495,-0.365599504062896,2.043692668861381,2
-0.9272120897571632,2.1397162699152537,0.6341400412316519,0.45194578333857716,-0.7542017262974838,-1.466313403934717,-1.56545485272353,1.3548884015889224,-1.3857213699456004,-0.5225834196828154,-0.9101509517763026,-1.8950538941648851,-0.08564141307138798,-1.784290285881768,-0.8564154641793934,0.09603429744356842,1.8476227893892267,-1.2880642817677321,-0.22883436598360046,-1.4240571192248554,-0.9727717410325561,-1.1641954963094825,-0.24907135433349117,-0.932548005158001,-1.5973367350273062,0.1179549985812139,-0.7663377197324885,1.3397580529691713,2
-0.5813378995506152,2.8488701549360718,0.9996741323561151,1.653085752495229,-0.2627083419006926,-0.8093574691372728,-1.4349391788196477,2.1606690079465167,-0.8600961308839788,-0.02512793927671512,-0.6030372416768408,-1.3018279117188303,-0.7384626294856231,-1.803385113164871,-0.8354002649808822,-0.726293281123352,2.334574800937069,-1.167537641513922,-0.7428837791403149,-1.3110921670523008,-0.27086941496423866,-1.1310732499573237,-0.7058222795391697,-0.6025763088620468,-1.2495139438846194,-0.6914441009842761,-0.21118034557101786,2.043692668861381,2
0.6045164668718385,1.1253569153918046,-0.6452292777039688,0.00151829490483276,-0.8244150669255969,-1.081753832345969,-1.5554151855001543,1.7577787047677191,-1.2455546395291681,0.2776710487965634,-0.6469106288339064,-1.1182103457236228,-0.5314705364762314,-1.9413415658254656,-0.8837429777214092,-0.6381962843653087,1.3816403795568477,-1.2515153005906245,-0.4450910591761635,-1.3491172912072438,0.02841594798612936,-1.161933373086294,-0.5774160502451471,0.5853674528288239,-1.1218502215564274,-0.4043856639596672,-0.8491525646539598,1.6972953938461193,2
-0.1984057603933643,0.5598291336663421,0.8900139050187754,1.3528007602060659,0.08835836123987255,0.03987825145454448,-1.4349391788196477,1.3548884015889224,-1.3682005286435464,-0.05973353791366126,-0.29592353157737855,-0.6521042166588654,-0.49962559909017124,-2.0749581742103964,-0.5795131770406091,-0.5006925889848893,0.30674591467562334,-1.07744015303082,-0.49907922339354754,-1.2363419229870287,-0.1094752966072512,-1.1310732499573237,-0.5563081769365406,-0.2285522687578715,-0.7553101325313037,-0.363096366747713,0.16135291049713046,1.3397580529691713,2
-0.08723191354125955,0.4251796618269463,1.2189945870307932,0.45194578333857716,-0.2627083419006926,-1.2099403562088848,-1.5353358510534032,1.3548884015889224,-1.4733255764558706,-0.19815593246144583,-0.8224041774621704,-0.42611336620322526,-0.467780661704111,-1.840695197627691,-0.4110221526443116,-0.47958990530374257,0.10809795332560276,-1.2536685739002837,-0.45946763387926415,-1.2729045423667813,-0.593889207084751,-1.1572662556995055,-0.5348394852807785,-0.11825258075787022,-0.5556589551186417,-0.3224998757630777,-0.21118034557101786,1.3397580529691713,2
0.443932021418797,0.20076387542795315,-0.06037473190482749,0.1516607910494142,-0.7542017262974838,-1.434266772968988,-1.5353358510534032,0.06563943141677064,-1.666054830778465,0.23441405050038053,-1.1295178875616327,-0.20012251574758508,0.10542821124497352,-1.7255489726234121,-0.5689677738500207,0.07778280938305689,0.2115529735826422,-1.2735013543839855,0.1188094525167557,-1.2512378049565576,-0.3750693479063395,-1.1572662556995055,-0.08670309811344155,0.4193686338041162,-0.34168302955081087,0.3113597092699769,-0.7663377197324885,0.11164711675834377,2
0.6415744158225393,0.7483383942414963,1.2921014052556858,1.2026582640614845,-0.19249500127257957,-1.1939170407260205,-1.515256516606652,1.1131542196816437,-1.8237424024969515,-0.3062984282019024,-0.29592353157737855,-0.7792240700401627,-0.722540160792593,-1.8023626155194605,-0.48497882036245243,-0.8491164312751984,0.3734341788777868,-1.2434688582229516,-0.6174796543320749,-1.2956004498039908,-0.4031454409490721,-1.1524086437255008,-0.6964861048065167,0.623903147730906,-0.8613188644842993,-0.6681122509478111,-0.135160689308897,1.1195834680648966,2
0.7651009123248776,2.3461787934023275,-0.06037473190482749,0.1516607910494142,-0.5435617044131448,-0.47286784399711873,-1.2341458343521368,0.8714200377743652,-1.0002628613004114,-0.2846699290538108,-0.20817675726324653,-0.7933484981936405,-0.6270053486344123,-1.573555552934921,-0.5047642032607682,-0.7597725734288883,2.375559566703627,-1.0185084624506777,-0.5174517040564225,-1.1415499468172996,-0.3264427125333586,-1.064400144431771,-0.6385747600880324,0.7529737092072151,-0.8728178322416709,-0.5326574365802207,-0.5233044218953093,0.8949606121655924,2
-0.9272120897571632,1.3856792276146368,-0.6086758685915216,-0.29876669738433015,0.8607051081491158,-1.466313403934717,-1.254225168798888,-0.5789850536693052,-0.7900127656757631,1.3634217060307479,-1.3488848233469624,-0.8639706389610278,0.3442652416404254,-0.9876114026452985,-1.0794037898505289,0.608782227268576,1.6462670114567204,-1.1668576604687664,0.1303085405912148,-1.1632166842275231,0.44492623549636007,-1.071924680626798,0.13452365098637606,-0.932548005158001,-0.9294733303163122,0.5332157682314628,0.9204377232318973,-0.5573337735064489,2
0.19687902841412025,1.1074036524798851,-0.791442914153754,0.45194578333857716,0.15857170186798558,-1.2740336181403429,-1.4851375149365253,0.5491077952313275,-0.509679304842898,-0.4576979222385415,-1.5682517591322924,-1.3159523398723079,0.26465289817527476,-1.6917726627664629,-0.6234360283629401,0.2958403434000634,1.426740344566284,-1.2380856749488038,0.22782819120189993,-1.3354672466388027,-1.254979892750746,-1.1447650484134642,0.05852628661671394,0.16712461830288416,-1.2589425378851893,0.46150055671278856,0.2336642305078636,0.5882252086233479,2
1.0862698032309606,2.426968476505965,-0.4990156412541834,0.1516607910494142,-1.3861217919505011,-2.107246023249296,-1.6959705266274119,0.3073736133240493,-1.5959714655702488,-0.06838493757289761,-1.6559985334464244,-1.81030732524402,-1.0569120033462256,-1.7617381863543553,-1.007482775789049,-1.2475004438640642,2.7026148838616924,-1.3774251241185826,-0.8933274668377922,-1.4632468305155977,-0.9991111685262539,-1.1892693463517707,-0.8736028109665542,1.093008534025054,-1.553691017992027,-1.2126551617028782,-1.5472542169144416,0.3524894550435023,2
-0.16134781144266347,2.040973323899697,0.41481958655697393,0.6020882794831586,-0.9648417481818229,-0.9535673084830533,-1.38474084270277,0.8714200377743652,-1.2805963221332761,1.121182515572125,-1.8314920820746883,-1.0617126331097126,-0.38816831823896036,-1.6361410865779327,-1.080613812873274,-0.37914545666131083,1.8489063429828054,-1.158754553013997,-0.3974116486615752,-1.2582794946148803,-0.25292387095754315,-1.1161908603310844,-0.47958917587256716,-0.19187130926388732,-1.0806665706103178,-0.22389233748451431,-1.0176109867463405,0.8949606121655924,2
0.3945214228178625,0.8111748144332146,0.04928549543251068,0.6020882794831586,-0.5435617044131448,-0.5850310523771702,-1.274304503245639,0.7102639165028465,-0.5972835113531684,1.454261402452731,-1.787618694917622,-1.4006989087931725,-0.30855597477380975,-1.595606397699454,-1.211768543439348,-0.3681534059204319,0.7902750504847138,-1.0562474104568074,-0.2640157119337865,-1.2522669749835431,0.036520387214959045,-1.0792587222346084,-0.4220837517946329,0.3686154638676699,-1.314339024891505,-0.12914671210908668,-0.5233044218953093,0.7426506522236396,2
0.0980578312122491,1.4036324905265563,-0.023821322792381975,0.6020882794831586,0.930918448777229,-1.4182434574861233,-0.6418054681729798,-0.17609475049050752,-0.7900127656757631,1.878179985755321,-1.6998719206034905,-1.81030732524402,-0.6270053486344123,0.5040427305097327,-1.3433665490511761,-0.6822054289290603,1.409882565227773,-0.9165396382209028,-0.5819508382984302,-1.085026845598378,0.45737233859777693,-0.7567275742547466,-0.6385747600880324,0.0672922960290936,-1.553691017992027,-0.5326574365802207,0.9857408021547523,-0.13452795518623836,2
0.6168691165220721,0.7034552369616978,0.9265673141312225,1.3528007602060659,1.6330518550583593,-1.434266772968988,-0.46109145815221986,-1.1430314781196214,-0.5972835113531684,1.5321239993858595,-1.6121251462893584,-1.8526806097044526,-0.7862300355647135,0.9849949240696021,-1.3183614101182577,-0.9153943906127134,0.4274768317652197,-0.8490798520327688,-0.6783737864581992,-1.0329454255485524,0.29296799995579575,-0.6298581791689802,-0.7332895762163947,0.5982031729992205,-1.5757656787233314,-0.7628207844141979,1.608952381504292,-1.1776473947096957,2
-0.26016900864453457,0.29950682144351004,0.41481958655697393,0.7522307756277401,0.8607051081491158,-1.306080249106072,-0.6719244698431063,-0.9818753568481025,-0.5797626700511143,2.483777961901878,-2.0947324050170844,-1.6125653310953352,-0.849919910336834,0.2667933455201463,-1.357268948827714,-0.8924898958846811,0.1844262717680678,-0.9015517226839339,-0.8110204908185301,-1.0442662958453943,0.35664573675374645,-0.7763723285613825,-0.7686497742376499,-0.2894969719752234,-1.4440171649290177,-0.8613881455759353,0.9204377232318973,-0.9968555543278793,2
0.13511578016294998,-0.3916938006653888,1.401761632593024,1.8032282486398103,1.141558470661568,-0.15240153433982878,-0.7522418076301107,-0.8207192355765833,-0.05413743098949287,0.8832690249431201,-1.5243783719752264,-1.81030732524402,-1.0250670659601653,-0.9287360422300526,-1.2248873514286263,-1.1303048472622657,-0.6362699825579469,-0.6739847329052306,-0.9342529276051538,-1.1246498916373249,-0.13714616768854268,-0.8266628995863712,-0.8584484403860163,0.1046580809045302,-1.553691017992027,-1.1551822907746698,1.178267250302646,-0.8189565078231255,2
0.28334757596575777,0.8650346031689726,-0.31624859569195257,-0.29876669738433015,-0.12228166064446655,-0.7933341536544083,-1.20402683268201,1.9995128866749978,0.48900864937418265,2.3626583666725662,-1.743745307760556,-1.5560676184814253,-0.2289436313086591,-1.356824673102096,-1.338075812330766,-0.2647883054864537,0.9733156594221661,-1.0485409586117118,-0.20489150554527946,-1.246281538773969,0.7660356955129337,-1.0527561627882012,-0.3623232130469758,0.2549772521330935,-1.4106673606302658,-0.03797186630964466,-0.05991281953272369,1.9064260710097167,2
-0.519574651299445,-0.9392683194789319,-0.9742099597159848,0.1516607910494142,0.2287850424960986,-1.306080249106072,-1.4550185132663989,1.3548884015889224,-0.33447089182235784,1.0995540164240332,-1.6559985334464244,-1.4995699058675152,-0.34040091215987,-1.6023112575810698,-1.1819169483747303,-0.2715814775941952,-0.7993085107571813,-1.2286226054037235,-0.3957937410854708,-1.3422381020794976,-0.09257175192997738,-1.136692840280192,-0.44535653518617335,-0.5428680959167589,-1.3764222595718159,-0.16660092906748725,0.3052768794985106,1.3397580529691713,2
0.20923167806435386,2.561617948345361,-0.17003495924216727,0.7522307756277401,-0.4733483637850317,-0.8894740465515953,-1.4048201771495212,1.9995128866749978,-0.07165827229154693,1.2293250113125815,-1.5682517591322924,-1.5984409029418578,-0.06971894437835786,-1.7080783203313161,-1.2248412591137383,-0.07733300312505148,2.6536317338454194,-1.1612478168462337,-0.07068118580938478,-1.3331922392107292,0.09961923549656451,-1.122286687121992,-0.23603679154249274,0.17964646017344943,-1.4357636479255511,0.13467582600907996,-0.44403252709438074,1.9064260710097167,2
1.0368592046300238,1.6011183825576702,0.04928549543251068,0.00151829490483276,-0.7542017262974838,-0.7933341536544083,-1.20402683268201,0.9519980984101246,-0.05413743098949287,1.7094776924002084,-1.6998719206034905,-1.3724500524862178,-0.849919910336834,-1.356824673102096,-1.2385977206596057,-1.0249637305343593,1.577020533867558,-1.0485409586117118,-0.7015674145290626,-1.2170585266919294,0.3286854214142821,-1.0527561627882012,-0.7686497742376499,1.0402769796533031,-1.2960973534126579,-0.8613881455759353,-0.7663377197324885,0.9703402446487357,2
-0.6801590967524864,0.62266555385806,0.9996741323561151,2.253655737073555,-0.19249500127257957,-0.6331009988257638,-1.4550185132663989,2.1606690079465167,-0.7900127656757631,1.0562970181278508,-1.2611380490328303,-1.2453301991049202,0.423877585105576,-1.9095404355005685,-1.112849419011997,0.6500430719851112,0.3357427015588618,-1.1596045293204416,0.2350381954336666,-1.3139630097591555,0.26460246265489085,-1.136692840280192,0.21277613002576107,-0.6976148534656785,-1.2112400074075282,0.6028663492409416,-0.135160689308897,2.043692668861381,2
1.654491687141718,-0.5891796926965027,1.2189945870307932,1.653085752495229,-0.12228166064446655,0.8089973946320397,-0.722122805959984,1.3548884015889224,1.9432384774446685,3.435431924417896,-1.6998719206034905,-0.9204683515749378,-0.2767110373877495,-1.3328994978001858,-1.3193787198794418,-0.49720541736585694,-0.7824211579435049,-0.4325914618750327,-0.08889078987063852,-0.8903241265457541,1.6452515741377258,-0.8081611128030302,-0.3984501500559368,1.7103595924761446,-0.973790519921365,-0.09226346586471719,-0.05991281953272369,1.3397580529691713,2
0.5921638172216048,-0.5981563241524624,0.9996741323561151,0.9023732717723215,-0.7542017262974838,0.4885310849747504,-0.9329558176508704,1.2743103409531629,1.2248839840604524,2.8947194457156127,-1.6998719206034905,-1.1747080583375327,-0.40409078693199046,-1.4917129153523556,-1.3175172345310795,-0.4986495973147173,-0.760391030358219,-0.6615184137440467,-0.3292532201031436,-1.0554246656116597,1.2327935062419104,-0.928672751040467,-0.4908196469277873,0.5725412441220601,-1.162138575742839,-0.24329496030282846,-0.7663377197324885,1.2668499018583252,2
-0.7913329436045912,1.3407960703348383,0.04928549543251068,0.45194578333857716,-0.8244150669255969,0.007831620488815484,-1.1136698276716304,1.1131542196816437,-0.9652211786963032,1.121182515572125,-1.743745307760556,-1.4571966214070826,-0.722540160792593,-1.5735554604173925,-1.175225650214642,-0.6811693833310318,1.3177521359345752,-0.8723125377422479,-0.7484758757959772,-1.192033444983121,-0.1643539279567572,-1.0152525409300777,-0.6964861048065167,-0.8038055891769708,-1.3501508952794266,-0.6681122509478111,-0.8491525646539598,1.1195834680648966,2
0.8515694598765152,0.8291280773451336,0.6341400412316519,0.1516607910494142,0.5096384050085507,-0.7452642072058149,-1.4750978477131498,1.1131542196816437,-1.3857213699456004,0.35553364572969204,0.01119017852208315,-1.1182103457236228,-0.21302116261562898,-1.9068884822505385,-0.9090092108111801,-0.32755875646530064,0.6245629835488173,-1.1814772529396096,-0.1225953879661255,-1.3096838291206365,0.6233975650855245,-1.142121936015844,-0.3501004915370776,0.8438890343266932,-1.1218502215564274,-0.0201420575512975,0.5850025864851598,1.1195834680648966,2
-0.1860531107431307,0.8381047088010936,0.7803536776814372,0.7522307756277401,0.4394250643804377,-1.0336838858973758,-1.4349391788196477,1.9189348260392383,-1.1053879091127357,0.2257626508411442,-0.38367030589151063,-0.7086019292727754,-0.5633154738622917,-1.7025195730973135,-0.7316509602168079,-0.5747721087193826,0.5904700618096814,-1.1913369780943641,-0.553610309616336,-1.2428419442100958,0.16595985946970218,-1.1310732499573237,-0.5981631052065979,-0.21633479372350745,-0.8029846849852241,-0.44639182495291313,0.5160546333747397,1.8371519951735098,2
-0.0501739645905565,0.9996840750083688,-0.06037473190482749,-0.29876669738433015,0.4394250643804377,-1.4502900884518524,-1.3345425065858922,0.3073736133240493,-1.1404295917168439,0.09599165595259637,-1.2172646618757643,-1.2170813427979652,-0.2289436313086591,-1.2061480468469732,-0.8523589657907535,-0.21533345466067824,1.017396432945687,-1.196153510497549,-0.2444705197392387,-1.2539461471328357,-0.5658710028936526,-1.1001178795347457,-0.3623232130469758,-0.08131481174583867,-1.191767302884096,-0.03797186630964466,0.5160546333747397,0.3524894550435023,2
0.96274330672862,0.3802965045471474,-0.24314177746705992,0.7522307756277401,-0.6839883856693708,-1.51438335038331,-1.3546218410326432,0.38795167395980834,-0.9827420199983573,1.9560425826884495,-1.1295178875616327,-1.3159523398723079,-0.4200132556250206,-1.205770093344447,-1.2557994830511932,-0.5621203599881887,0.4469678931471338,-1.2117364094490288,-0.30382275337001563,-1.2763170535088915,1.2377140586308428,-1.1066899427936931,-0.5019599133962185,0.9614649920046142,-1.2589425378851893,-0.2628544370686632,-0.684437974696254,0.4316246873609582,2
0.9009800584774519,1.816557537500704,-0.38935541391684525,0.9023732717723215,-0.8244150669255969,-1.6265465587633616,-1.56545485272353,1.2743103409531629,-0.772491924373709,0.6756354331214436,-0.7785307903051044,-1.2170813427979652,-0.722540160792593,-1.689925673333673,-1.0257791823732563,-0.8764868610641741,1.9985590520482595,-1.3013805772353604,-0.5937648211360235,-1.3629569197280242,0.34483641102030865,-1.1641954963094825,-0.6964861048065167,0.8960499008805679,-1.191767302884096,-0.6681122509478111,-0.8491525646539598,1.2668499018583252,2
0.5551058682709018,1.224099861407362,0.8534604959063299,1.052515767916903,0.7904917675210028,-0.9535673084830533,-1.1136698276716304,0.5491077952313275,-0.22934584401003347,2.4318695639464587,-0.4714170802056427,-1.4854454777140376,-0.16525375653653862,-1.072872410327615,-1.3315325922048737,-0.23443147872800435,0.921628643563388,-1.02870817812801,-0.11422353064279397,-1.1970167945874723,2.610837619401193,-1.0152525409300777,-0.31289109948664956,0.53411968678355,-1.3677210941885005,0.03257231733599495,0.8545541648858611,0.5882252086233479,2
-0.22311105969383155,0.9278710233606909,-0.24314177746705992,0.00151829490483276,-0.8244150669255969,-1.306080249106072,-1.3747011754793943,0.3073736133240493,-1.0878670678106817,2.2501901711024916,-1.0417711132475007,-1.2170813427979652,-0.19709869392259885,-1.4106082213655604,-1.2682072563992086,-0.1525774837410635,1.0112945117649867,-1.1950768738427193,-0.2371519311063912,-1.2729045423667813,1.63205291596506,-1.1130715114654246,-0.3377875654403905,-0.25295868443570485,-1.191767302884096,-0.0024426801636045084,-0.8491525646539598,0.3524894550435023,2
0.7156903137239432,0.21871713833987264,1.182441177918346,1.5029432563506473,0.36921172375232464,-1.1939170407260205,-1.1939871654586347,0.22679555268828971,-0.08917911359360099,1.5580781983635694,-0.9540243389333686,-1.1464592020305777,0.009893399086792766,-1.0701806742123516,-1.1718232367875159,-0.0690082573628212,-0.0655997107900957,-1.1029394422241507,0.0676010489670407,-1.1762167266736574,1.06543683616657,-1.0487795882800701,-0.16951090878566685,0.701231347053118,-1.1421063107445955,0.21658933980804373,0.446459272174554,0.2727869402338317,2
0.49334262001973367,2.0319966924437365,1.8038491328299326,1.653085752495229,0.8607051081491158,-0.5049144749628477,-1.073511158778128,-0.7401411749408239,-0.8425752895819248,1.4888670010896772,-1.2611380490328303,-0.9769660641888479,-0.37224584954593026,-1.2726398337266218,-1.1252165285587967,-0.4511519108507118,1.3159393115487228,-0.9332841714578567,-0.3109241732007011,-1.086516433795331,0.6524577686060438,-0.9973460497317865,-0.46826850023055816,0.47027398715866375,-1.0172124127667197,-0.2046440728866014,0.9204377232318973,-0.7310631394058842,2
-0.9889753380083335,0.62266555385806,-0.17003495924216727,-0.1486242012397487,-0.2627083419006926,-1.674616505211955,-1.5453755182767788,0.3073736133240493,-1.5083672590599788,0.19115705220419807,-1.3050114361898963,-1.1040859175701452,-0.7543850981786533,-1.601928024347958,-0.8490298822392276,-0.6936348738210695,0.6725868979200106,-1.2982923299886127,-0.7930389139995461,-1.3428610207800415,-0.5429470176463903,-1.1596236262163018,-0.7150682496850336,-0.9906868266041289,-1.1116382428911218,-0.7150031391118087,-0.21118034557101786,0.3524894550435023,2
-0.28487430794500185,0.048161140676637904,-0.31624859569195257,0.00151829490483276,-0.9648417481818229,-1.4502900884518524,-1.5252961838300276,0.9519980984101246,-1.666054830778465,2.0944645446662506,-1.6998719206034905,-1.3865744806396954,-0.8817648477228942,-1.6909222503131764,-1.2835069993301529,-0.9261898681078039,0.12406658819520737,-1.2709797580082007,-0.8408377673553236,-1.3605735786128996,0.6223552357896484,-1.1548612615359053,-0.785788645727544,-0.31380827301674497,-1.305246167175822,-0.9122197231528926,-1.0176109867463405,0.9703402446487357,2
1.4321439934375084,0.1558807181481543,0.41481958655697393,0.1516607910494142,-0.6137750450412578,-0.9856139394487823,-1.3345425065858922,0.6296858558670869,-0.6148043526552224,2.0079509806438685,-1.4805049848181604,-1.2735790554118753,-0.2767110373877495,-1.5144472471188757,-1.2534127764004914,-0.4699840305900853,0.047149564863759125,-1.1386384470948139,-0.11469044356744142,-1.261529505226414,0.8371232053200997,-1.1001178795347457,-0.3984501500559368,1.4663905503341177,-1.2304888877410363,-0.09226346586471719,-0.603433326758021,0.6657060323068805,2
0.8762747591769846,2.9745429953195086,0.3051593592196358,0.3018032871939957,-0.33292168252880566,-0.9856139394487823,-1.4248995115962724,1.2743103409531629,-0.9301794960921951,1.1428110147202162,-1.3927582105040284,-1.2312057709514428,-0.021951538299267485,-1.7044386643649003,-1.1249795672717586,-0.12731029591539783,2.800563081541873,-1.1814772529396096,0.05900116440144,-1.2982546251367433,0.2084502765694252,-1.128192019325684,-0.19639187564876395,0.8699504446763694,-1.201531633169553,0.18415595736914978,-0.28798778431897554,1.2668499018583252,2
0.49334262001973367,1.412609121982516,0.41481958655697393,1.052515767916903,0.15857170186798558,-0.7933341536544083,-1.2843441704690146,0.5491077952313275,-0.3169500505203038,0.9697830215354855,-1.1295178875616327,-1.4854454777140376,0.009893399086792766,-1.5144471884795818,-1.1567106170149841,-0.03449106943374144,1.2483207502764564,-1.089339821321041,0.03828326067521905,-1.2688420291023645,0.3138079865442157,-1.082854307568308,-0.16951090878566685,0.47027398715866375,-1.3677210941885005,0.21658933980804373,0.2336642305078636,0.5882252086233479,2
0.33275817456669227,1.744744485853026,-0.38935541391684525,0.1516607910494142,1.42241183317402,-1.1298237787945624,-1.3445821738092678,0.5491077952313275,-0.42207509833262774,2.2242359721247817,-1.6121251462893584,-1.4854454777140376,0.28057536686830487,-1.4531083508480758,-1.3137643991162489,0.28904643810441133,1.9232390919244826,-1.1609928239543004,0.2620648528626827,-1.2941921118723263,0.8394387593854794,-1.1034277229876215,0.07354535031706853,0.3053880093788136,-1.3677210941885005,0.476014662020565,1.4274285778490008,0.5882252086233479,2
0.20923167806435386,0.22769376979583217,0.012732086320065164,0.1516607910494142,1.42241183317402,-1.0336838858973758,-1.3546218410326432,1.3548884015889224,-0.22934584401003347,1.8349229874591386,-1.5682517591322924,-1.4006989087931725,0.296497835561335,-1.5305677468244867,-1.2588284960399947,0.32894031741832297,0.2189264132918579,-1.1539380206108123,0.2582318235045298,-1.2873670895881058,0.5858855892263681,-1.1066899427936931,0.08865461860421203,0.17964646017344943,-1.314339024891505,0.49044221877985594,1.4274285778490008,1.3397580529691713,2
1.3950860444868076,1.5831651196457504,1.3652082234805785,1.5029432563506473,-0.2627083419006926,-0.39275126658279663,-1.274304503245639,1.596622583496201,-0.42207509833262774,1.7916659891629554,-1.5243783719752264,-1.4289477651001277,-0.595160411248352,-1.6773557357208924,-1.2595535822921746,-0.7946587392077668,1.0775391295237733,-1.0304081307408988,-0.42584990330464195,-1.2563836550914858,0.6044100217494078,-1.0792587222346084,-0.6185493418208929,1.426028654414832,-1.332356872180428,-0.4891401825461177,-0.21118034557101786,1.5556571318781458,2
